Wavelength (micron);fresh;1 pulse;5 pulses
3.20035844;0.00037771;-0.000260559;-5.1895E-05
3.199864838;0.000356414;-0.00030065;-3.26154E-05
3.199371388;0.000329695;-0.000323331;-1.66493E-05
3.198878089;0.000302188;-0.000327068;-5.30481E-06
3.198384944;0.000277294;-0.000313075;1.06808E-06
3.197890927;0.000256517;-0.000285264;3.01796E-06
3.197398085;0.00023986;-0.000249528;1.77613E-06
3.196905396;0.000226448;-0.000212577;-1.37054E-06
3.196412858;0.000214619;-0.000180327;-5.64034E-06
3.195920471;0.000202686;-0.000156879;-1.07841E-05
3.195428237;0.00018832;-0.000143373;-1.71963E-05
3.194936154;0.000168314;-0.000138602;-2.54107E-05
3.194444223;0.000139482;-0.000139123;-3.54304E-05
3.193952443;9.92299E-05;-0.000140454;-4.66478E-05
3.193459794;4.68694E-05;-0.000139094;-5.83883E-05
3.192968317;-1.48874E-05;-0.000132706;-7.0119E-05
3.192476992;-8.04255E-05;-0.000120922;-8.20141E-05
3.191985817;-0.000141897;-0.000104958;-9.49545E-05
3.191494794;-0.000191786;-8.6366E-05;-0.000110376
3.191003922;-0.000225386;-6.68227E-05;-0.000129067
3.1905132;-0.000241829;-4.68949E-05;-0.000150924
3.19002263;-0.000244455;-2.69421E-05;-0.00017427
3.189531193;-0.000238905;-7.00453E-06;-0.000196631
3.189040925;-0.000230603;1.17841E-05;-0.000215252
3.188550807;-0.000223334;2.66472E-05;-0.000228523
3.18806084;-0.00021736;3.38238E-05;-0.000235922
3.187571023;-0.000211152;2.87402E-05;-0.000238749
3.187081357;-0.000202842;8.94934E-06;-0.000238649
3.186591841;-0.000191445;-2.49718E-05;-0.000236812
3.186101461;-0.000178339;-6.82995E-05;-0.000233362
3.185612246;-0.000166294;-0.000112609;-0.000227337
3.185123181;-0.000157737;-0.000147825;-0.000217381
3.184634267;-0.000153384;-0.000165551;-0.000203354
3.184145503;-0.000150447;-0.000160935;-0.000186587
3.183656888;-0.000144347;-0.000134957;-0.000170177
3.183168424;-0.000130046;-9.41879E-05;-0.000157877
3.182680109;-0.000104141;-4.84029E-05;-0.000152518
3.182190932;-6.7059E-05;-8.01621E-06;-0.000154513
3.181702917;-2.30337E-05;1.87954E-05;-0.000161481
3.181215052;2.16899E-05;2.83295E-05;-0.000168758
3.180727337;6.0092E-05;2.07638E-05;-0.000171496
3.180239771;8.76962E-05;-3.13671E-07;-0.000166398
3.179752355;0.000102764;-3.04144E-05;-0.000153287
3.179265087;0.000106237;-6.52232E-05;-0.000135389
3.17877797;0.000100146;-0.000101733;-0.000117969
3.178291001;8.69104E-05;-0.000137507;-0.000106245
3.177803172;6.82426E-05;-0.000169698;-0.000103613
3.177316502;4.48564E-05;-0.000194872;-0.000110487
3.176829981;1.83977E-05;-0.000208517;-0.000124189
3.176343609;-8.33649E-06;-0.000206241;-0.000140509
3.175857386;-3.12095E-05;-0.000185338;-0.000155437
3.175371312;-4.55073E-05;-0.000145896;-0.000166491
3.174885387;-4.74676E-05;-9.12007E-05;-0.000173772
3.174398602;-3.55567E-05;-2.6714E-05;-0.000179152
3.173912974;-1.1731E-05;4.06131E-05;-0.000186165
3.173427495;1.96754E-05;0.000104885;-0.000198027
3.172942165;5.28039E-05;0.000161185;-0.000217239
3.172456982;8.22479E-05;0.000206826;-0.000244915
3.171971948;0.000104582;0.000239671;-0.000280593
3.171487063;0.000118229;0.000258487;-0.000322219
3.171002325;0.000123643;0.000261965;-0.00036691
3.170516731;0.000122025;0.000250047;-0.000410622
3.17003229;0.000114969;0.000224309;-0.000449349
3.169547997;0.000103907;0.000188804;-0.00047919
3.169063852;9.02143E-05;0.000149724;-0.000497875
3.168579855;7.57235E-05;0.000114349;-0.000504637
3.168096006;6.2152E-05;8.8761E-05;-0.00050086
3.167612305;5.05304E-05;7.57671E-05;-0.000489367
3.167128751;4.07499E-05;7.3859E-05;-0.000473456
3.166644342;3.10343E-05;7.82924E-05;-0.000455612
3.166161084;1.83493E-05;8.26769E-05;-0.000436552
3.165677973;-6.9644E-07;8.14902E-05;-0.000415277
3.165195009;-2.77756E-05;7.27647E-05;-0.00038984
3.164712193;-6.17595E-05;5.81132E-05;-0.000358869
3.164229524;-9.80062E-05;4.25138E-05;-0.000322722
3.163747003;-0.000130275;3.11359E-05;-0.000284812
3.163263628;-0.000151358;2.83977E-05;-0.000250815
3.162782401;-0.000156944;3.51274E-05;-0.000227789
3.16229932;-0.000146476;4.9094E-05;-0.000222185
3.161817387;-0.000123869;6.64181E-05;-0.000237664
3.161335601;-9.60738E-05;8.25749E-05;-0.000274095
3.160853962;-7.11832E-05;9.52251E-05;-0.000326875
3.160372469;-5.55695E-05;0.000104198;-0.000387598
3.159891123;-5.25475E-05;0.000111673;-0.000445732
3.159409923;-6.18063E-05;0.00012059;-0.000490765
3.158927873;-8.02377E-05;0.000133073;-0.000514294
3.158446966;-0.000102925;0.000149259;-0.000511575
3.157966207;-0.000125039;0.000166872;-0.000483276
3.157485593;-0.000142571;0.000181281;-0.000434999
3.157005126;-0.000152842;0.000186771;-0.000376444
3.156524805;-0.000154312;0.000177866;-0.000319708
3.15604463;-0.000147477;0.000150634;-0.000276147
3.155564602;-0.000134049;0.000104057;-0.000254255
3.155083723;-0.000117478;4.09118E-05;-0.000257092
3.154603987;-0.00010268;-3.24751E-05;-0.000282308
3.154124396;-9.53662E-05;-0.000106597;-0.000322425
3.153644951;-0.000101112;-0.000170688;-0.000367668
3.153165652;-0.000123371;-0.000214826;-0.000408378
3.152686499;-0.000163479;-0.000232651;-0.000437931
3.152207491;-0.0002188;-0.00022296;-0.000453462
3.151728629;-0.000284079;-0.00019004;-0.000456331
3.151249912;-0.000352413;-0.000143295;-0.000450436
3.150770348;-0.000416279;-9.39106E-05;-0.000440409
3.150291922;-0.000469111;-5.27891E-05;-0.000430301
3.149813641;-0.000505903;-2.70692E-05;-0.000421937
3.149335506;-0.000524127;-1.98072E-05;-0.000415928
3.148857516;-0.000522564;-2.88858E-05;-0.000411779
3.148379671;-0.000502575;-4.94069E-05;-0.000409249
3.147901971;-0.000467093;-7.51968E-05;-0.000408788
3.147424415;-0.000421221;-0.000101182;-0.000411443
3.146946015;-0.000371255;-0.000124304;-0.000418397
3.14646875;-0.000324922;-0.000143841;-0.000430495
3.145991629;-0.000289494;-0.000160456;-0.000447023
3.145514653;-0.000270649;-0.00017574;-0.000466428
3.145037822;-0.000271309;-0.000191195;-0.000486125
3.144561136;-0.000290603;-0.000207723;-0.00050283
3.144084593;-0.000324387;-0.000225499;-0.000513653
3.143607208;-0.000365833;-0.000243479;-0.000516279
3.143130954;-0.000406749;-0.000259492;-0.000509632
3.142654846;-0.000439538;-0.000269581;-0.000494409
3.142178881;-0.000457738;-0.000269134;-0.000473181
3.141703061;-0.000457429;-0.000253261;-0.00045073
3.141227384;-0.000437163;-0.000218559;-0.000433235
3.140751852;-0.000398618;-0.000164795;-0.000426968
3.140276464;-0.000345976;-9.64359E-05;-0.000437075
3.139800233;-0.000286139;-2.18944E-05;-0.000465038
3.139325133;-0.00022704;4.71449E-05;-0.000507972
3.138850176;-0.000177429;9.88088E-05;-0.000558458
3.138375364;-0.00014452;0.000123577;-0.000606137
3.137900694;-0.000132828;0.000117192;-0.000640276
3.137426169;-0.000142563;8.15257E-05;-0.00065272
3.136951786;-0.000170082;2.42784E-05;-0.000640006
3.136477548;-0.000208015;-4.35458E-05;-0.000604802
3.136003452;-0.000247833;-0.00011;-0.000554802
3.135528517;-0.000281648;-0.000164867;-0.000500655
3.135054708;-0.000304756;-0.000201925;-0.000453195
3.134581043;-0.000316711;-0.000219392;-0.000421089
3.134107521;-0.000320909;-0.000219541;-0.000408691
3.133634141;-0.00032299;-0.00020742;-0.000415859
3.133160905;-0.000329307;-0.00018931;-0.000438949
3.132687812;-0.000343648;-0.000170667;-0.000471946
3.132214861;-0.000366532;-0.00015523;-0.000508106
3.131741073;-0.000395025;-0.000143926;-0.000541187
3.131268408;-0.000423281;-0.000135131;-0.000566849
3.130795886;-0.000445154;-0.00012559;-0.000582913
3.130323506;-0.000456089;-0.000112394;-0.000589665
3.129851269;-0.000454985;-9.39398E-05;-0.000589745
3.129379175;-0.000443931;-7.13739E-05;-0.000587219
3.128907223;-0.000427909;-4.90474E-05;-0.000586834
3.128434434;-0.00041262;-3.30657E-05;-0.000592646
3.127962767;-0.000402929;-2.97416E-05;-0.000607046
3.127491242;-0.000400397;-4.33854E-05;-0.000630221
3.127019859;-0.000403493;-7.52571E-05;-0.000660489
3.126548619;-0.000408046;-0.000121976;-0.000694566
3.12607752;-0.000408724;-0.000177656;-0.000729151
3.125606563;-0.00040154;-0.000234736;-0.000761412
3.125135748;-0.000385083;-0.00028667;-0.000789874
3.124664099;-0.00036155;-0.000328675;-0.000813723
3.124193568;-0.000335878;-0.000358962;-0.0008324
3.123723178;-0.000314181;-0.000377404;-0.000844748
3.12325293;-0.000302122;-0.000385119;-0.0008489
3.122782824;-0.00030234;-0.000383296;-0.000842312
3.122312859;-0.000314456;-0.000373041;-0.000823397
3.121843036;-0.000335068;-0.000355791;-0.000791785
3.121373354;-0.00035916;-0.0003334;-0.000749734
3.120903814;-0.000382231;-0.000309116;-0.000701442
3.120433441;-0.000401135;-0.000286352;-0.000652824
3.119964183;-0.000416057;-0.000268719;-0.000609605
3.119495066;-0.000429134;-0.000257877;-0.000576365
3.11902609;-0.000444106;-0.000253844;-0.000555698
3.118557256;-0.000464134;-0.000254436;-0.000548495
3.118088562;-0.000490445;-0.000256721;-0.000554191
3.117620009;-0.000521173;-0.000258171;-0.000571711
3.117151597;-0.00055135;-0.000257929;-0.000599787
3.116682354;-0.000574529;-0.000257406;-0.000637367
3.116214224;-0.000584554;-0.000258979;-0.000682574
3.115746234;-0.000577484;-0.000265423;-0.000733005
3.115278384;-0.000553313;-0.000278097;-0.000785205
3.114810676;-0.000516617;-0.000295887;-0.000835312
3.114343107;-0.000475588;-0.000316114;-0.000880115
3.113875679;-0.00044035;-0.000335039;-0.000918014
3.113407422;-0.000419736;-0.000348981;-0.000949499
3.112941244;-0.000419526;-0.000355708;-0.000976672
3.112473268;-0.000440594;-0.000354395;-0.001002004
3.112006401;-0.000479059;-0.000345322;-0.001026756
3.111539674;-0.000527844;-0.000329851;-0.001049924
3.111073087;-0.00057907;-0.00030919;-0.001067354
3.11060664;-0.000625956;-0.000285142;-0.001073061
3.110140333;-0.000665595;-0.000260521;-0.001061337
3.109674165;-0.000697737;-0.000238529;-0.001028538
3.109207171;-0.000725318;-0.000224074;-0.000975807
3.108741283;-0.00075138;-0.00022158;-0.000909161
3.108275535;-0.00077782;-0.000234451;-0.000838918
3.107809926;-0.000804384;-0.000263331;-0.000777201
3.107344457;-0.000828346;-0.000305534;-0.000734899
3.106879127;-0.000846121;-0.000355429;-0.000719186
3.106413937;-0.000854117;-0.000405693;-0.000731298
3.105948886;-0.000850623;-0.000449301;-0.000766529
3.10548301;-0.000835766;-0.00048123;-0.000815452
3.105018237;-0.000811224;-0.000499797;-0.000866497
3.104553604;-0.000779999;-0.000506117;-0.00090881
3.10408911;-0.000745024;-0.00050361;-0.000934912
3.103624754;-0.000709152;-0.000496215;-0.000941908
3.103160538;-0.000675229;-0.000487303;-0.000931761
3.10269646;-0.000646357;-0.000478679;-0.000910314
3.102232522;-0.000626151;-0.000470253;-0.000884922
3.101767759;-0.000617917;-0.000460762;-0.000862465
3.101304098;-0.000624422;-0.000448238;-0.000847679
3.100840576;-0.000645872;-0.00043012;-0.000841525
3.100377192;-0.000679881;-0.000404483;-0.000841887
3.099913946;-0.000721221;-0.000370498;-0.00084424
3.099450839;-0.000762451;-0.000328171;-0.000843166
3.098987871;-0.000796122;-0.000279804;-0.000834428
3.09852408;-0.000816077;-0.000229416;-0.000816164
3.098061388;-0.000818731;-0.000182712;-0.000789393
3.097598834;-0.000803574;-0.000146007;-0.000757644
3.097136419;-0.000773012;-0.000125384;-0.000725936
3.096674141;-0.00073198;-0.000124559;-0.000699494
3.096212001;-0.000686375;-0.000144742;-0.000682145
3.09575;-0.000643249;-0.000183534;-0.000676247
3.095288136;-0.000609323;-0.000235668;-0.00068212
3.09482641;-0.000590476;-0.000294338;-0.000699295
3.094363864;-0.000590394;-0.000352427;-0.000726923
3.093902413;-0.000609312;-0.00040389;-0.000764398
3.093441101;-0.000643347;-0.000444966;-0.000811319
3.092979925;-0.000684732;-0.000473974;-0.000866643
3.092518888;-0.000723637;-0.000491929;-0.000928525
3.092057987;-0.000750688;-0.000500849;-0.000992759
3.091597224;-0.000759807;-0.000503902;-0.001053448
3.091136599;-0.000750286;-0.000503677;-0.001103513
3.090675155;-0.000727243;-0.000502219;-0.001136362
3.090214804;-0.000699336;-0.000499654;-0.001147469
3.08975459;-0.000676412;-0.000494703;-0.001135421
3.089294513;-0.000665265;-0.000484908;-0.001102291
3.088834573;-0.000668097;-0.000467407;-0.001053131
3.088374771;-0.000682056;-0.000440329;-0.000994206
3.087915105;-0.000700865;-0.000404225;-0.000932241
3.087454622;-0.00071793;-0.000362104;-0.000872505
3.08699523;-0.000729749;-0.000319875;-0.000819407
3.086535975;-0.000736537;-0.000284639;-0.000775778
3.086076856;-0.000741868;-0.000262616;-0.000744123
3.085617873;-0.00075106;-0.0002579;-0.000726812
3.085159028;-0.000767413;-0.000270545;-0.000725752
3.084700318;-0.000791112;-0.000296912;-0.000742015
3.084241745;-0.000818647;-0.000331308;-0.000774904
3.083782358;-0.000843526;-0.000366963;-0.000821171
3.083324058;-0.000859686;-0.000399475;-0.000875233
3.082865894;-0.00086355;-0.000427302;-0.000930102
3.082407866;-0.000855623;-0.000451883;-0.000978962
3.081949974;-0.000840322;-0.000476853;-0.00101683
3.081492219;-0.000824867;-0.000505768;-0.001042063
3.081034599;-0.000816555;-0.000540419;-0.001056524
3.080577115;-0.000820985;-0.000579702;-0.001065215
3.080119767;-0.000840889;-0.000619482;-0.001074495
3.079661607;-0.000876071;-0.000654266;-0.001090608
3.079204531;-0.000924174;-0.000678991;-0.001117784
3.07874759;-0.000981051;-0.000690038;-0.00115712
3.078290785;-0.001042423;-0.00068709;-0.001206257
3.077834116;-0.001102973;-0.000672159;-0.001260062
3.077377582;-0.001157178;-0.000648757;-0.001311602
3.076921183;-0.001199056;-0.000620796;-0.001354021
3.07646492;-0.001222949;-0.000590308;-0.001381418
3.076007846;-0.001224121;-0.000557979;-0.001390956
3.075551854;-0.001200606;-0.0005227;-0.001382675
3.075095997;-0.001154161;-0.000482936;-0.00135976
3.074640275;-0.001090478;-0.000438113;-0.001327191
3.074184688;-0.001018627;-0.000389196;-0.001290398
3.073729236;-0.000950097;-0.000339464;-0.001254175
3.073273919;-0.000895949;-0.000293524;-0.001221286
3.072817792;-0.000864355;-0.000255828;-0.001192636
3.072363689;-0.000859693;-0.000230152;-0.001168391
3.071907833;-0.000880195;-0.00021783;-0.0011484
3.071453055;-0.000919003;-0.000218098;-0.001133759
3.070998412;-0.000965958;-0.000229165;-0.001126827
3.070543904;-0.001009711;-0.00024874;-0.001130615
3.07008953;-0.001040739;-0.000275817;-0.001146897
3.06963529;-0.001053887;-0.000310952;-0.0011755
3.069181185;-0.001049483;-0.000355622;-0.001212988
3.068726273;-0.001032626;-0.000410582;-0.001253264
3.068272437;-0.00101178;-0.000474921;-0.001289435
3.067818735;-0.000995825;-0.000544324;-0.001316532
3.067365167;-0.000990889;-0.000611463;-0.001332889
3.066911733;-0.000998672;-0.000667047;-0.001341502
3.066458434;-0.001016113;-0.00070252;-0.001348804
3.066005268;-0.001036505;-0.000712076;-0.001362007
3.065552236;-0.001052291;-0.000694735;-0.001386165
3.065098399;-0.001057615;-0.000654846;-0.001422256
3.064645635;-0.001050635;-0.000600795;-0.00146581
3.064193005;-0.001034092;-0.000543051;-0.001509017
3.063740509;-0.001014361;-0.00049114;-0.001542796
3.063288146;-0.000999907;-0.000452093;-0.00156015
3.062835917;-0.000998091;-0.000428935;-0.001558103
3.062383821;-0.001013939;-0.000421861;-0.001538427
3.061931859;-0.001048498;-0.000428426;-0.001506652
3.061479092;-0.00109891;-0.000445592;-0.001469708
3.061027397;-0.001159228;-0.000470406;-0.001434206
3.060575835;-0.001221763;-0.000500276;-0.001404386
3.060124406;-0.00127863;-0.000532678;-0.001382329
3.059673111;-0.001323438;-0.000565004;-0.00136877
3.059221948;-0.001352003;-0.000593998;-0.001363845
3.058770919;-0.001363725;-0.000616519;-0.001368336
3.058319087;-0.001361075;-0.000630471;-0.001383502
3.057869258;-0.001349831;-0.000635292;-0.001410582
3.057417693;-0.001336624;-0.000632859;-0.001449714
3.056967195;-0.001328236;-0.000627031;-0.001499449
3.05651683;-0.00132868;-0.000622332;-0.001556103
3.056066598;-0.001338631;-0.000622568;-0.001614549
3.055616498;-0.001354768;-0.000629174;-0.001668664
3.055166531;-0.001371083;-0.00064079;-0.00171254
3.054716696;-0.001381419;-0.000653638;-0.001741201
3.054266061;-0.001381192;-0.000662674;-0.001751022
3.053816492;-0.001369647;-0.000663895;-0.001740082
3.053367055;-0.001350111;-0.000655893;-0.001708856
3.05291775;-0.001328192;-0.000640627;-0.001659765
3.052468577;-0.001310021;-0.000622663;-0.001598228
3.052019537;-0.001299511;-0.000607909;-0.001531521
3.051570628;-0.001297253;-0.000601645;-0.001468762
3.051121852;-0.001300639;-0.000606294;-0.001418472
3.050672277;-0.001305384;-0.000620762;-0.001387344
3.050223764;-0.001308356;-0.000640891;-0.001378072
3.049775384;-0.001309386;-0.000661468;-0.001388775
3.049327135;-0.001311687;-0.0006779;-0.001413395
3.048879019;-0.001321272;-0.000688529;-0.001443397
3.048431034;-0.001343952;-0.000695457;-0.001470327
3.04798318;-0.001382795;-0.000703454;-0.001488086
3.047535458;-0.001436169;-0.000718345;-0.001494898
3.047086939;-0.001497871;-0.000744142;-0.001493289
3.04663948;-0.001558151;-0.000780846;-0.001489115
3.046192153;-0.00160766;-0.000823512;-0.001489653
3.045744957;-0.001639463;-0.00086313;-0.00150108
3.045297893;-0.001652231;-0.000888989;-0.001527071
3.044850959;-0.001650064;-0.00089236;-0.001567843
3.044404157;-0.001640398;-0.000868996;-0.001620313
3.043956559;-0.001631412;-0.000820832;-0.00167857
3.043510946;-0.001629109;-0.000756143;-0.001736068
3.04306361;-0.001634788;-0.000686882;-0.001785862
3.042617332;-0.001644796;-0.000625931;-0.001822234
3.042171185;-0.001652164;-0.000583509;-0.00184117
3.041725169;-0.001649566;-0.000565782;-0.001840985
3.041279284;-0.0016322;-0.000573275;-0.001822609
3.040833529;-0.001600101;-0.000602259;-0.0017897
3.040387905;-0.001558808;-0.000646045;-0.00174796
3.039941487;-0.001518539;-0.000697062;-0.0017049
3.039496124;-0.001490685;-0.000748649;-0.001668222
3.039050892;-0.001485163;-0.000795458;-0.001644751
3.03860579;-0.001506771;-0.000833999;-0.001638894
3.038160819;-0.00155382;-0.000862232;-0.001652065
3.037715978;-0.001618518;-0.000879478;-0.001682937
3.037271267;-0.001689125;-0.000885824;-0.001727695
3.036826686;-0.00175284;-0.000882823;-0.001781528
3.036381314;-0.001800091;-0.000872937;-0.001839494
3.035936993;-0.001826737;-0.000859818;-0.001897023
3.035492803;-0.001835488;-0.000847744;-0.001950597
3.035048743;-0.001834415;-0.00084108;-0.001996622
3.034604813;-0.001835181;-0.00084408;-0.002032382
3.034161012;-0.001848722;-0.000859506;-0.002055178
3.033717341;-0.001882565;-0.000888466;-0.0020636
3.0332738;-0.001937369;-0.000929611;-0.002057863
3.032830389;-0.002006715;-0.000978873;-0.002040838
3.032386188;-0.002078625;-0.001030274;-0.002017911
3.031943036;-0.002137966;-0.001076187;-0.001996043
3.031500013;-0.002170544;-0.001109272;-0.001981971
3.031057121;-0.00216674;-0.001124031;-0.001979959
3.030614357;-0.002124178;-0.001118667;-0.00199039
3.030171723;-0.00204892;-0.001096117;-0.002009547
3.029729218;-0.001953777;-0.001063433;-0.00203069
3.029286842;-0.001856098;-0.001030789;-0.002046508
3.028843678;-0.001773331;-0.001007767;-0.002051874
3.028401561;-0.001719306;-0.001000728;-0.002045438
3.027959573;-0.001701194;-0.001010883;-0.002030642
3.027517714;-0.001717951;-0.0010328;-0.002013872
3.027075984;-0.001761581;-0.001056831;-0.002002506
3.026634383;-0.001819492;-0.001071847;-0.002001809
3.02619291;-0.001877913;-0.001068791;-0.002013849
3.025750651;-0.00192604;-0.001044635;-0.002036788
3.025309436;-0.001957587;-0.001003182;-0.002066362
3.02486835;-0.001972184;-0.000954475;-0.002098095
3.024427393;-0.001974166;-0.000912171;-0.002129147
3.023986564;-0.00197021;-0.000889515;-0.002159061
3.023545863;-0.001967511;-0.000895988;-0.002189811
3.023105291;-0.001971623;-0.000935177;-0.002224251
3.022664848;-0.001985485;-0.001003613;-0.002263896
3.022223619;-0.002009158;-0.001092419;-0.002307995
3.021783432;-0.002040794;-0.001189427;-0.002353447
3.021343374;-0.002077718;-0.001282284;-0.002395385
3.020903443;-0.002116287;-0.001360776;-0.00242921
3.020463641;-0.002152528;-0.001418567;-0.002451639
3.020023967;-0.002182591;-0.001454149;-0.002462018
3.019584421;-0.002202933;-0.00147041;-0.002462077
3.019145002;-0.002210847;-0.001473105;-0.002454781
3.018705712;-0.002206105;-0.001469438;-0.002443429
3.018265638;-0.002190923;-0.001466167;-0.00243036
3.017826604;-0.002170851;-0.001467482;-0.002416928
3.017387697;-0.002152976;-0.001474363;-0.002403504
3.016948917;-0.002144779;-0.001485365;-0.002390364
3.016510266;-0.002150726;-0.001496811;-0.002377997
3.016071741;-0.002171928;-0.001505566;-0.002367553
3.015633345;-0.002204196;-0.001510021;-0.002360471
3.015194166;-0.002240334;-0.001511432;-0.002357644
3.014756025;-0.002272606;-0.001513458;-0.002359504
3.014318011;-0.002295597;-0.001520657;-0.002365414
3.013880124;-0.002308213;-0.001536219;-0.002373897
3.013442364;-0.002314847;-0.001560655;-0.002383702
3.013004731;-0.002322574;-0.001590463;-0.002393493
3.012567225;-0.002339046;-0.001619496;-0.002403208
3.012129847;-0.002368694;-0.001640558;-0.002413693
3.011691688;-0.00241103;-0.001648395;-0.00242675
3.011254564;-0.002460305;-0.001640722;-0.002444068
3.010817566;-0.002507854;-0.001619933;-0.002467086
3.010380696;-0.002545479;-0.001591159;-0.002496205
3.009943952;-0.002568939;-0.001561499;-0.002530436
3.009507335;-0.002579192;-0.001537576;-0.002567747
3.009070844;-0.002582517;-0.001524349;-0.002604937
3.00863448;-0.002587101;-0.001524363;-0.002638446
3.008197338;-0.002600148;-0.001538872;-0.002665723
3.007761227;-0.002624092;-0.001567874;-0.002685165
3.007325243;-0.002655125;-0.001611167;-0.002697454
3.006889385;-0.002684665;-0.00166799;-0.002704894
3.006453653;-0.002701932;-0.001736683;-0.002711604
3.006018048;-0.002697978;-0.001813875;-0.002721692
3.005582569;-0.002669065;-0.001895103;-0.002739146
3.005146313;-0.00261814;-0.001974694;-0.002765873
3.004711989;-0.002553819;-0.002047809;-0.002801669
3.004275986;-0.002488345;-0.002111758;-0.002844264
3.003841012;-0.002433517;-0.002166039;-0.002889534
3.003406163;-0.002398242;-0.00221268;-0.002933062
3.00297144;-0.002386595;-0.0022543;-0.002970494
3.002536843;-0.002398152;-0.002292536;-0.002998906
3.002102372;-0.002428344;-0.002326106;-0.003016594
3.001668027;-0.002471226;-0.002351674;-0.003024035
3.001232906;-0.002520302;-0.002364495;-0.003023112
3.000798813;-0.002570065;-0.002361087;-0.00301746
3.000364844;-0.002615719;-0.002341063;-0.003011591
2.999931002;-0.002654106;-0.002308774;-0.003010716
2.999497284;-0.002683423;-0.002272721;-0.003019577
2.999063692;-0.002703408;-0.002243342;-0.003041007
2.998630226;-0.002716193;-0.00223071;-0.003075495
2.998196884;-0.002725478;-0.00224123;-0.003120293
2.99776277;-0.002736092;-0.002276631;-0.003169619
2.997329679;-0.002752591;-0.002333454;-0.003216217
2.996896713;-0.002777721;-0.00240503;-0.00325292
2.996463873;-0.002810269;-0.002482605;-0.003274618
2.996031158;-0.002846002;-0.002558336;-0.003279912
2.995598567;-0.002878386;-0.00262592;-0.003271111
2.995166101;-0.002900918;-0.002681405;-0.003253847
2.994733761;-0.002909759;-0.002722606;-0.003234946
2.994301545;-0.002905493;-0.002749063;-0.003220621
2.993868557;-0.002893191;-0.002761725;-0.003214985
2.993436591;-0.002880848;-0.002762713;-0.003218775
2.993004749;-0.00287619;-0.002756063;-0.003230371
2.992573032;-0.002884213;-0.00274721;-0.003246524
2.99214144;-0.002904753;-0.002742497;-0.003263989
2.991709972;-0.002933271;-0.002748039;-0.003280737
2.991278628;-0.00296221;-0.002767779;-0.003296683
2.990847409;-0.002983827;-0.002802523;-0.003313266
2.99041542;-0.002994232;-0.002849488;-0.003332912
2.989984449;-0.002993631;-0.002902377;-0.003357776
2.989553603;-0.002986616;-0.002952855;-0.003388903
2.989122881;-0.002980922;-0.002992862;-0.003425442
2.988692283;-0.002983628;-0.003015868;-0.003465145
2.988261809;-0.002999168;-0.003018267;-0.003504482
2.987831459;-0.003028087;-0.003000032;-0.003539679
2.98740034;-0.003067829;-0.002964523;-0.003567969
2.986970238;-0.003113574;-0.002917196;-0.003588356
2.98654026;-0.003161226;-0.002865551;-0.00360219
2.986110406;-0.003208047;-0.002817303;-0.003613002
2.985680675;-0.003253328;-0.002780038;-0.003625455
2.985251069;-0.003297934;-0.002760721;-0.003644652
2.984821585;-0.003343072;-0.002764699;-0.003674418
2.984392226;-0.003388941;-0.002794464;-0.003715933
2.983962099;-0.003434543;-0.002849581;-0.003767528
2.983532986;-0.003477904;-0.002925572;-0.003824512
2.983103997;-0.003516629;-0.003013949;-0.003880621
2.982675131;-0.003549332;-0.003103965;-0.003929749
2.982246389;-0.003575697;-0.003183342;-0.003967558
2.98181777;-0.003596649;-0.003241768;-0.003992896
2.981389274;-0.003613666;-0.003272583;-0.004008183
2.980960901;-0.003627962;-0.003274548;-0.004018255
2.980532651;-0.003640639;-0.003252699;-0.004029342
2.980103636;-0.003652211;-0.003217228;-0.004046474
2.979675633;-0.003663031;-0.003181104;-0.00407174
2.979247752;-0.003674285;-0.003157375;-0.004104104
2.978819994;-0.003687172;-0.003155566;-0.004138823
2.978392359;-0.003704049;-0.003180152;-0.004170236
2.977964847;-0.003726736;-0.003228941;-0.004192914
2.977537457;-0.003756504;-0.003294257;-0.004204474
2.977110191;-0.003793888;-0.003364964;-0.004206315
2.97668216;-0.003838047;-0.003429426;-0.004203667
2.976255139;-0.00388778;-0.003478802;-0.004204029
2.97582824;-0.003941046;-0.003508354;-0.004214272
2.975401463;-0.003995899;-0.003519158;-0.00423882
2.974974809;-0.00405064;-0.003517076;-0.004277502
2.974548278;-0.004102915;-0.003510214;-0.00432553
2.974121868;-0.00415058;-0.003507115;-0.004374882
2.973694697;-0.004191733;-0.003514195;-0.00441724
2.973268532;-0.004225337;-0.003533987;-0.004446446
2.972842489;-0.00425177;-0.003565612;-0.004460864
2.972416569;-0.004273292;-0.003604981;-0.004463798
2.97199077;-0.004293455;-0.003646966;-0.004462552
2.971565094;-0.004315785;-0.00368705;-0.004465667
2.971139539;-0.004343381;-0.003722563;-0.004480785
2.970714106;-0.004376414;-0.003752977;-0.004511626
2.970287913;-0.004413301;-0.003779931;-0.004557775
2.969862724;-0.00445056;-0.003805834;-0.004615039
2.969437657;-0.004484635;-0.003833383;-0.004676661
2.969012711;-0.004513936;-0.00386484;-0.00473615
2.968587887;-0.004539369;-0.003901224;-0.004787913
2.968163185;-0.004564631;-0.003943327;-0.004828855
2.967738604;-0.004594587;-0.003991275;-0.004857863
2.967314145;-0.004632827;-0.004044487;-0.004875438
2.966889806;-0.004680373;-0.004101818;-0.004883155
2.96646471;-0.004734103;-0.004160445;-0.004883362
2.966040615;-0.004787459;-0.00421629;-0.004879313
2.965616641;-0.004833295;-0.004264017;-0.004875537
2.965192788;-0.004865384;-0.004297883;-0.004876997
2.964769056;-0.004881241;-0.004314078;-0.004889181
2.964345446;-0.00488237;-0.004311931;-0.004916023
2.963921956;-0.004873403;-0.004294878;-0.004958511
2.963498588;-0.00486021;-0.004271055;-0.005013711
2.963074462;-0.004847442;-0.004251145;-0.005074641
2.962651336;-0.004837482;-0.004246696;-0.005131775
2.96222833;-0.004829937;-0.004266224;-0.005175067
2.961805446;-0.004823498;-0.004313792;-0.005197011
2.961382681;-0.004817402;-0.004387199;-0.005194687
2.960960038;-0.004812855;-0.00447879;-0.005170769
2.960537515;-0.004813246;-0.004576571;-0.005132661
2.960114237;-0.004823701;-0.004667931;-0.005091034
2.959692831;-0.004848159;-0.004741853;-0.005056234
2.959269794;-0.004888628;-0.004791977;-0.005036062
2.958847754;-0.004943426;-0.004817301;-0.005033879
2.958425833;-0.005007527;-0.004822598;-0.005048605
2.958004034;-0.005074636;-0.004817153;-0.005075243
2.957582354;-0.005138423;-0.004812544;-0.005107698
2.957160794;-0.00519497;-0.00481974;-0.005140229
2.956739355;-0.005243239;-0.004846692;-0.005169747
2.956317162;-0.005284895;-0.004896092;-0.005196062
2.955895963;-0.005323578;-0.004964938;-0.005221731
2.955474884;-0.005362755;-0.005044368;-0.005250427
2.955053925;-0.005404679;-0.005122205;-0.005285413
2.954633086;-0.005450627;-0.005185902;-0.00532843
2.954212367;-0.005499391;-0.00522585;-0.005379064
2.953791768;-0.005548773;-0.005237543;-0.00543469
2.953371288;-0.005595423;-0.005222883;-0.005491646
2.952950056;-0.005635743;-0.005189577;-0.005546152
2.952529816;-0.005666162;-0.005147812;-0.0055954
2.952109696;-0.005684143;-0.005107708;-0.005637746
2.951689695;-0.005688814;-0.005076679;-0.005673111
2.951269813;-0.005681906;-0.005057744;-0.005701897
2.950850051;-0.005668582;-0.005050427;-0.005725494
2.950430409;-0.005655857;-0.005052291;-0.005744898
2.950010886;-0.005652437;-0.005061149;-0.005761611
2.949590612;-0.005665797;-0.005076672;-0.005776943
2.949171327;-0.005699645;-0.005100042;-0.005792431
2.948752162;-0.005753277;-0.005133622;-0.005810014
2.948333116;-0.005820354;-0.005178229;-0.005831299
2.947914189;-0.005891174;-0.005231773;-0.005857744
2.947495381;-0.005954826;-0.005289298;-0.005890001
2.947076691;-0.006002252;-0.005343392;-0.005927788
2.946657253;-0.006029102;-0.005387136;-0.005970433
2.946238802;-0.006036248;-0.005416016;-0.006016772
2.94582047;-0.006028851;-0.005429464;-0.006065508
2.945402257;-0.006014839;-0.005430647;-0.006115408
2.944984162;-0.006002329;-0.005425709;-0.00616545
2.944566186;-0.005997282;-0.005421451;-0.006214475
2.944148329;-0.00600317;-0.005423621;-0.006261194
2.94373059;-0.006020037;-0.005436333;-0.00630432
2.94331297;-0.006046279;-0.005461911;-0.006342625
2.942894602;-0.006079102;-0.005501817;-0.006375265
2.942477219;-0.006115663;-0.005556215;-0.006401939
2.942059954;-0.006153757;-0.005624767;-0.006422874
2.941642807;-0.006192361;-0.005704679;-0.006438758
2.941225779;-0.006231094;-0.005790261;-0.006450323
2.940808869;-0.006271117;-0.005873168;-0.006458704
2.940392078;-0.006314089;-0.005942752;-0.006464988
2.939975404;-0.006362458;-0.005989664;-0.006471294
2.939557985;-0.00641781;-0.006008315;-0.006480175
2.939141547;-0.006480805;-0.005999864;-0.006495269
2.938725228;-0.006549431;-0.005972106;-0.006520307
2.938309027;-0.006619381;-0.005938313;-0.006558401
2.937892943;-0.0066848;-0.005912946;-0.006610748
2.937476978;-0.006738954;-0.005907464;-0.006675645
2.93706113;-0.006776966;-0.00592689;-0.006748342
2.936644537;-0.006797177;-0.005968887;-0.006821598
2.936228925;-0.006801304;-0.006024785;-0.006886891
2.93581343;-0.006794445;-0.006083544;-0.006936455
2.935398053;-0.006781955;-0.006134788;-0.006964932
2.934982794;-0.006768705;-0.006172839;-0.006970763
2.934567652;-0.006756615;-0.006197603;-0.006956583
2.934152627;-0.006744353;-0.006213155;-0.006928842
2.93373772;-0.006729197;-0.006226266;-0.006896096
2.933322069;-0.006708894;-0.006243384;-0.006867675
2.932907397;-0.006684062;-0.006268523;-0.006851532
2.932492842;-0.006659292;-0.006303044;-0.006852401
2.932078404;-0.006642352;-0.006345013;-0.006871312
2.931664083;-0.006642138;-0.006391512;-0.00690537
2.931249879;-0.006665751;-0.006438521;-0.006948853
2.930835792;-0.006715492;-0.006482733;-0.006994916
2.930421822;-0.006787426;-0.006521114;-0.007037512
2.93000797;-0.006872116;-0.006551735;-0.007072821
2.929593375;-0.006956659;-0.006573242;-0.007100152
2.929179756;-0.007027952;-0.006585695;-0.007121291
2.928766254;-0.007076333;-0.006590306;-0.007139304
2.928352869;-0.00709721;-0.006589636;-0.007156812
2.9279396;-0.007092644;-0.006587353;-0.007175018
2.927526448;-0.007069093;-0.006587469;-0.007193015
2.927113412;-0.00703699;-0.006593081;-0.007208779
2.926700493;-0.007006683;-0.006605992;-0.007220579
2.926286835;-0.006987192;-0.006626299;-0.007228238
2.925874149;-0.006984439;-0.006653086;-0.007234246
2.925461579;-0.007000061;-0.006685132;-0.007242835
2.925049126;-0.007031813;-0.006721733;-0.007259139
2.924636789;-0.007074557;-0.006763472;-0.007286902
2.924224569;-0.007121224;-0.006811448;-0.007327422
2.923812464;-0.007165051;-0.006866437;-0.007378799
2.923399621;-0.007200599;-0.006927896;-0.007436844
2.922988604;-0.00722564;-0.006993052;-0.007496199
2.922575994;-0.007240937;-0.007056581;-0.007551884
2.922164354;-0.007250419;-0.007112478;-0.007600605
2.92175283;-0.007259244;-0.007154839;-0.007640332
2.921341422;-0.00727209;-0.007180225;-0.007670305
2.920930129;-0.007291617;-0.007188501;-0.007690237
2.920518953;-0.007317533;-0.007183068;-0.007700014
2.920107892;-0.007346631;-0.00716987;-0.007700469
2.919696095;-0.007374376;-0.00715552;-0.007693309
2.919285266;-0.007396222;-0.007145299;-0.007682132
2.918874552;-0.007409763;-0.007141964;-0.007671609
2.918463954;-0.007415602;-0.007145124;-0.007666777
2.918053472;-0.00741748;-0.007152145;-0.007671513
2.917643105;-0.007420886;-0.007159691;-0.007687187
2.917232853;-0.007430959;-0.007165277;-0.007712623
2.916822717;-0.007450905;-0.007168411;-0.007744647
2.916411845;-0.0074803;-0.007170834;-0.00777999
2.91600194;-0.007515298;-0.007175688;-0.007816682
2.915592149;-0.007549327;-0.007185883;-0.007854597
2.915182474;-0.007574917;-0.00720207;-0.007895054
2.914772914;-0.007586172;-0.007222526;-0.007939354
2.91436347;-0.007580625;-0.007242681;-0.007986988
2.91395414;-0.007560143;-0.007256561;-0.00803481
2.913544925;-0.007531056;-0.007259573;-0.008077564
2.913134976;-0.00750262;-0.007249575;-0.008109002
2.912725991;-0.007484566;-0.007228185;-0.008124636
2.912317121;-0.007484925;-0.007201113;-0.008122934
2.911908366;-0.007507235;-0.00717557;-0.008106103
2.911499725;-0.007549464;-0.007158738;-0.008079093
2.911091199;-0.007603679;-0.007155186;-0.008047946
2.910682788;-0.007658267;-0.007165805;-0.008017968
2.910273644;-0.007700026;-0.007188119;-0.00799283
2.909866309;-0.007717816;-0.007217659;-0.007974224
2.909457395;-0.007705408;-0.007249824;-0.007962742
2.909049442;-0.007663082;-0.007281697;-0.007958479
2.908641603;-0.007598055;-0.007313314;-0.007961605
2.908233879;-0.007522789;-0.007346637;-0.00797202
2.907826269;-0.007452302;-0.007384716;-0.007988796
2.907418773;-0.007400832;-0.007429354;-0.008009506
2.907011392;-0.007379021;-0.007480303;-0.008031079
2.906603279;-0.007392732;-0.00753455;-0.008050277
2.906196126;-0.007441383;-0.007586747;-0.008065291
2.905789087;-0.007519575;-0.007630626;-0.008076704
2.905382162;-0.00761759;-0.007661113;-0.008087127
2.904975351;-0.007723633;-0.007674932;-0.008100012
2.904568654;-0.007825005;-0.007672089;-0.008117781
2.904162071;-0.007910331;-0.007655509;-0.00814004
2.903755601;-0.007970691;-0.007630397;-0.008163285
2.903348403;-0.008001316;-0.007603287;-0.008181927
2.902942161;-0.00800211;-0.007580487;-0.00819049
2.902536033;-0.007977749;-0.007566921;-0.008185796
2.902130018;-0.007937538;-0.007565444;-0.008168884
2.901724117;-0.007892603;-0.007575853;-0.008144794
2.90131833;-0.007854586;-0.00759531;-0.008121384
2.900912656;-0.007831877;-0.007618509;-0.008106701
2.900507096;-0.007828325;-0.007639225;-0.008106932
2.900100808;-0.007842042;-0.007652053;-0.008124936
2.899695474;-0.007866206;-0.007653115;-0.008159559
2.899290254;-0.007892082;-0.007641916;-0.00820688
2.898885147;-0.00791145;-0.007620494;-0.008261079
2.898480153;-0.007919061;-0.007593025;-0.008315606
2.898075272;-0.007914263;-0.007564454;-0.008363929
2.897670505;-0.007900209;-0.007538726;-0.008400148
2.897265011;-0.007883147;-0.007518811;-0.008420053
2.896861309;-0.00786931;-0.007505993;-0.008421703
2.896456041;-0.00786349;-0.007500478;-0.008406291
2.896051726;-0.007867178;-0.007502039;-0.008378082
2.895647523;-0.007879333;-0.007510766;-0.008344113
2.895243434;-0.007896555;-0.007526306;-0.008311875
2.894839457;-0.007915262;-0.007547668;-0.008287392
2.894435592;-0.007932528;-0.007572755;-0.008273005
2.894031841;-0.007947131;-0.007598064;-0.008267352
2.893627364;-0.007959694;-0.007619469;-0.008265942
2.893223838;-0.007971625;-0.007633435;-0.008263244
2.892820425;-0.007984038;-0.007638011;-0.008255313
2.892417124;-0.007997624;-0.007634527;-0.008241846
2.892013935;-0.008011457;-0.007626516;-0.0082258
2.891610859;-0.0080241;-0.007619217;-0.008212634
2.891207895;-0.008033939;-0.007617498;-0.008207466
2.890805043;-0.008040537;-0.007624448;-0.008213239
2.890401468;-0.008045209;-0.007640727;-0.008229437
2.889998841;-0.008051191;-0.007665186;-0.008252599
2.889596326;-0.008063035;-0.007695732;-0.008277634
2.889193924;-0.008084956;-0.007731028;-0.008299718
2.888791633;-0.008119428;-0.007770506;-0.008315722
2.888389454;-0.008166071;-0.007814274;-0.008324868
2.887987388;-0.008220456;-0.00786142;-0.008328132
2.887585433;-0.008274856;-0.00790835;-0.008327672
2.88718359;-0.00832031;-0.007948648;-0.008326015
2.886781026;-0.008348145;-0.00797426;-0.008325647
2.886379406;-0.00835294;-0.007977749;-0.008329341
2.885977899;-0.008333431;-0.007955881;-0.00833985
2.885576504;-0.008293475;-0.00791203;-0.008359648
2.88517522;-0.008240588;-0.007856238;-0.008389868
2.884774047;-0.008184186;-0.007803693;-0.008429554
2.884372986;-0.008133107;-0.007769934;-0.00847497
2.883972037;-0.008094242;-0.007766235;-0.008519784
2.883570368;-0.008071138;-0.007795646;-0.008557044
2.883169641;-0.008064687;-0.007852161;-0.008580876
2.882769026;-0.00807359;-0.007922123;-0.008588465
2.882368523;-0.008095353;-0.007988927;-0.008581373
2.881968131;-0.008127177;-0.008037856;-0.008565
2.88156785;-0.0081658;-0.008060172;-0.008546695
2.88116768;-0.008207467;-0.008055007;-0.008534022
2.880766791;-0.00824803;-0.008028338;-0.008532081
2.880366844;-0.008282659;-0.0079899;-0.008542418
2.879967007;-0.00830781;-0.007949919;-0.008563314
2.879567282;-0.00832117;-0.007915139;-0.008590062
2.879167667;-0.008322979;-0.007888;-0.008617018
2.878768164;-0.008316181;-0.0078669;-0.008639125
2.878368771;-0.008304962;-0.007847859;-0.008652851
2.877969489;-0.008293748;-0.007826755;-0.008657011
2.87756949;-0.008285385;-0.00780149;-0.008652973
2.877170429;-0.008280357;-0.007772777;-0.008643826
2.87677148;-0.008276557;-0.007743223;-0.008633562
2.876372641;-0.008271369;-0.007717155;-0.008626293
2.875973913;-0.008262007;-0.007698361;-0.008624858
2.875575295;-0.008248068;-0.007689464;-0.008630341
2.875176787;-0.008231246;-0.007691219;-0.008641817
2.874778391;-0.008214881;-0.007702139;-0.008656896
2.874380104;-0.008202977;-0.007719758;-0.008672729
2.873981102;-0.008198078;-0.007740952;-0.00868717
2.873583036;-0.008201197;-0.007763253;-0.008699488
2.873185081;-0.008211531;-0.007785793;-0.00871087
2.872787236;-0.008226989;-0.007809756;-0.008723214
2.872389501;-0.008244967;-0.007837738;-0.008738159
2.871991876;-0.008263741;-0.007873743;-0.008756015
2.871594361;-0.008281805;-0.007921122;-0.008775486
2.871196132;-0.008297996;-0.007981614;-0.008793594
2.870798837;-0.008311135;-0.008054087;-0.008807197
2.870401652;-0.008319554;-0.008134471;-0.008813651
2.870004578;-0.008322147;-0.008216588;-0.008812108
2.869607613;-0.008318949;-0.008293538;-0.008803288
2.869210758;-0.008312151;-0.008359676;-0.008789117
2.868814012;-0.008306059;-0.008411462;-0.008771899
2.868417377;-0.008306873;-0.008448448;-0.008754592
2.868020028;-0.00831943;-0.008471696;-0.008739823
2.867623612;-0.008347064;-0.008483191;-0.00873111
2.867227305;-0.008388966;-0.008484125;-0.008732342
2.866831108;-0.008440223;-0.008474369;-0.008747316
2.86643502;-0.008493546;-0.008452786;-0.008778171
2.866039042;-0.00854089;-0.008418644;-0.008824263
2.865643174;-0.008576313;-0.008372947;-0.008881076
2.865247414;-0.008596562;-0.008319228;-0.008940197
2.864850943;-0.008602522;-0.00826322;-0.008991901
2.864455403;-0.00859757;-0.008211805;-0.009027707
2.864059971;-0.008586166;-0.008170658;-0.00904288
2.863664649;-0.008572532;-0.008143272;-0.009038722
2.863269436;-0.008559009;-0.008129602;-0.009020917
2.862874332;-0.008546618;-0.008127215;-0.00899856
2.862479336;-0.008535139;-0.008132969;-0.008980434
2.862083631;-0.008523611;-0.008143933;-0.008972227
2.861689673;-0.008511282;-0.008159424;-0.008975944
2.861294186;-0.008498472;-0.008180429;-0.008990147
2.860899627;-0.008485889;-0.008208604;-0.009011895
2.860505177;-0.008475241;-0.008244907;-0.009038968
2.860110835;-0.008468801;-0.00828851;-0.009070513
2.859716602;-0.00846833;-0.008336616;-0.009106712
2.859322478;-0.008476577;-0.008385795;-0.009148216
2.858928462;-0.008494681;-0.008432742;-0.009193757
2.858533738;-0.008523003;-0.008475781;-0.009240641
2.85813994;-0.008560319;-0.008515147;-0.00928512
2.85774625;-0.008603475;-0.008552126;-0.009324223
2.857352668;-0.008648295;-0.008587551;-0.009357138
2.856959195;-0.008690898;-0.008621201;-0.009386398
2.856565831;-0.0087279;-0.008651236;-0.009415948
2.856172575;-0.008757873;-0.00867545;-0.009449811
2.855779426;-0.008781405;-0.008692921;-0.009489601
2.855385571;-0.008800423;-0.008705564;-0.009533284
2.85499264;-0.008817278;-0.008718851;-0.00957583
2.854599817;-0.008833843;-0.008740371;-0.009611334
2.854207101;-0.008850887;-0.008777826;-0.009635656
2.853814494;-0.008868458;-0.008835897;-0.009648284
2.853421995;-0.008886612;-0.008914324;-0.009652815
2.853029604;-0.00890671;-0.009007139;-0.009655302
2.85263732;-0.008931548;-0.009104418;-0.009661836
2.852245145;-0.008965232;-0.009194549;-0.009676302
2.851852264;-0.00901174;-0.009267747;-0.009699603
2.851460304;-0.009073432;-0.009318066;-0.009730083
2.851068452;-0.009149406;-0.009344848;-0.009765488
2.850676708;-0.009235416;-0.009352534;-0.009804431
2.850285071;-0.00932379;-0.009349384;-0.009847324
2.849893542;-0.009405836;-0.009345277;-0.009895565
2.849502121;-0.009473392;-0.009349477;-0.009950223
2.849110807;-0.009521299;-0.009368648;-0.010010321
2.848718789;-0.009548568;-0.009405059;-0.010072318
2.84832769;-0.00955851;-0.009456023;-0.010130389
2.847936698;-0.009557826;-0.009514401;-0.010178822
2.847545814;-0.009554521;-0.009569952;-0.010213418
2.847155037;-0.009556853;-0.009612247;-0.010233617
2.846764368;-0.009570401;-0.009633628;-0.01024219
2.846373805;-0.009598505;-0.009631744;-0.010244819
2.84598254;-0.009641242;-0.009611291;-0.010247898
2.845592192;-0.009696339;-0.009582988;-0.010257544
2.845201951;-0.009760269;-0.009560944;-0.0102778
2.844811817;-0.009829177;-0.009558696;-0.010310914
2.84442179;-0.009900265;-0.009585142;-0.010356833
2.84403187;-0.0099718;-0.009641915;-0.010413644
2.843642057;-0.010042792;-0.009723968;-0.010477665
2.843252351;-0.010111901;-0.009821099;-0.010543228
2.842861943;-0.010177153;-0.009922355;-0.010603552
2.842472451;-0.01023534;-0.010019184;-0.010652111
2.842083065;-0.010282399;-0.01010722;-0.010684222
2.841693786;-0.010316231;-0.010186581;-0.010699288
2.841304613;-0.010337122;-0.010258943;-0.010701972
2.840915548;-0.010350135;-0.010325879;-0.010701487
2.840526588;-0.01036361;-0.010386455;-0.01070967
2.840137735;-0.010387687;-0.010437304;-0.010737244
2.839748989;-0.010430565;-0.010474662;-0.010790634
2.839359543;-0.010494839;-0.010496308;-0.010869172
2.838971009;-0.010575885;-0.010503746;-0.010965416
2.838582582;-0.010661611;-0.010502151;-0.011066925
2.838194261;-0.010736547;-0.010499034;-0.011160505
2.837806047;-0.010786503;-0.010501505;-0.011236252
2.837417938;-0.010804097;-0.010513848;-0.011290066
2.837029936;-0.010791016;-0.010536288;-0.011324857
2.83664204;-0.010758265;-0.010565717;-0.011348637
2.836253445;-0.010722012;-0.010597881;-0.011371491
2.835865761;-0.010698522;-0.010629922;-0.011402391
2.835478184;-0.010699449;-0.010661967;-0.011446777
2.835090712;-0.010728841;-0.010696928;-0.011505905
2.834703345;-0.010783056;-0.010739344;-0.011576954
2.834316085;-0.010854321;-0.010792587;-0.011654939
2.833928931;-0.010933933;-0.010857579;-0.011734059
2.833541079;-0.011015733;-0.010931985;-0.011809061
2.833154136;-0.011097271;-0.011011155;-0.011876154
2.832767299;-0.011178253;-0.011090013;-0.011932888
2.832380568;-0.011258659;-0.011165035;-0.011978504
2.831993942;-0.011335735;-0.011235219;-0.012013538
2.831607421;-0.011403624;-0.011301889;-0.012040296
2.831221007;-0.011454402;-0.011367488;-0.012062302
2.830834697;-0.011481562;-0.011434581;-0.012084126
2.830447692;-0.011482776;-0.011504589;-0.012110211
2.830061593;-0.011461603;-0.011577167;-0.012143884
2.8296756;-0.011428089;-0.011651293;-0.012186069
2.829289712;-0.011395184;-0.011724949;-0.012234598
2.82890393;-0.011376447;-0.011796263;-0.012284949
2.828518252;-0.011381678;-0.011863336;-0.012331825
2.82813268;-0.011414374;-0.011924116;-0.01237045
2.827747213;-0.011472048;-0.011977128;-0.012399602
2.827361851;-0.011547045;-0.012021265;-0.012422083
2.826975795;-0.011629842;-0.012056455;-0.012444466
2.826590643;-0.011711386;-0.0120839;-0.012475464
2.826205596;-0.01178538;-0.012105937;-0.012522914
2.825820654;-0.011849168;-0.012125455;-0.012591088
2.825435816;-0.011903429;-0.01214469;-0.012679085
2.825051084;-0.011950836;-0.012164395;-0.012780589
2.824666456;-0.011994816;-0.012183638;-0.012885305
2.824281933;-0.012037783;-0.012200543;-0.012981732
2.823896718;-0.012080865;-0.012214137;-0.013060879
2.823512404;-0.012122561;-0.01222523;-0.013117664
2.823128195;-0.012160455;-0.012238389;-0.013152453
2.822744091;-0.012191665;-0.012260115;-0.013169995
2.822360091;-0.012214952;-0.012297823;-0.013177408
2.821976196;-0.012231652;-0.01235624;-0.013182133
2.821592405;-0.012247013;-0.012434844;-0.013189982
2.821207923;-0.01226903;-0.01252719;-0.01320443
2.820824341;-0.012306845;-0.01262172;-0.013227042
2.820440863;-0.012367863;-0.012705327;-0.013258384
2.82005749;-0.012455098;-0.012767218;-0.013299104
2.81967422;-0.012565463;-0.012803132;-0.013350028
2.819291055;-0.012689755;-0.01281655;-0.013411729
2.818907995;-0.012814577;-0.012817449;-0.013483179
2.818525038;-0.012925754;-0.012818991;-0.013561293
2.818141391;-0.013011313;-0.012833063;-0.013640258
2.817758642;-0.013063757;-0.012865929;-0.013712577
2.817375997;-0.013081145;-0.012916958;-0.013770602
2.816993457;-0.013066379;-0.012979102;-0.013808433
2.81661102;-0.01302619;-0.013041988;-0.013823843
2.816228687;-0.012969595;-0.013095203;-0.013818682
2.815846458;-0.012906707;-0.013132208;-0.013798618
2.815464332;-0.012847701;-0.013151942;-0.013772307
2.81508231;-0.01280149;-0.013158472;-0.013749011
2.8146996;-0.012774071;-0.013159304;-0.013736553
2.814317785;-0.012768198;-0.013161906;-0.01373999
2.813936075;-0.012782028;-0.013171064;-0.013760758
2.813554467;-0.01281013;-0.013188253;-0.01379732
2.813172964;-0.012844981;-0.0132116;-0.013845875
2.812791563;-0.012879199;-0.013237892;-0.013901602
2.812410267;-0.012908912;-0.013265572;-0.013960226
2.812029073;-0.012934274;-0.013294989;-0.014018031
2.811647192;-0.012960466;-0.013329514;-0.014072624
2.811266206;-0.0129953;-0.013373391;-0.014122462
2.810885322;-0.013046481;-0.013429133;-0.014166831
2.810504542;-0.013117508;-0.013495388;-0.014204564
2.810123865;-0.013206108;-0.013565868;-0.014234672
2.809743291;-0.013303961;-0.013630763;-0.014256006
2.80936282;-0.013398717;-0.013679521;-0.014268159
2.808981663;-0.013477661;-0.013704971;-0.014271567
2.808601398;-0.013531865;-0.013706268;-0.014268444
2.808221236;-0.013557786;-0.013689928;-0.014261754
2.807841177;-0.013558427;-0.013668347;-0.014255025
2.807461221;-0.013540611;-0.013655742;-0.014250761
2.807081368;-0.013512631;-0.013663526;-0.014249571
2.806701618;-0.013480523;-0.013696027;-0.01424903
2.80632197;-0.013446775;-0.013749369;-0.014245057
2.805942425;-0.013410585;-0.013811907;-0.014232205
2.805562195;-0.013369483;-0.013869029;-0.014206771
2.805182856;-0.013321534;-0.013906612;-0.014167314
2.804803619;-0.013267783;-0.013915863;-0.014116295
2.804424484;-0.013213848;-0.013895461;-0.014059558
2.804045452;-0.013168743;-0.013851888;-0.014005289
2.803666523;-0.01314326;-0.013797086;-0.01396133
2.803287696;-0.013146789;-0.013744758;-0.013933328
2.802908971;-0.01318387;-0.01370587;-0.013923058
2.802529563;-0.013253045;-0.013686361;-0.01392857
2.802151043;-0.013346532;-0.013686396;-0.01394535
2.801772626;-0.013452604;-0.013701905;-0.013968517
2.80139431;-0.013558749;-0.013726999;-0.013994039
2.801016097;-0.013653295;-0.013755958;-0.014019344
2.800637985;-0.013727398;-0.013784117;-0.01404323
2.800259976;-0.013775985;-0.013808666;-0.014065302
2.799881285;-0.013797375;-0.01382761;-0.014085373
2.79950348;-0.013793206;-0.013839975;-0.014103479
2.799125777;-0.013768165;-0.013845261;-0.014119873
2.798748176;-0.013728092;-0.013843538;-0.014135288
2.798370677;-0.013680018;-0.01383531;-0.014150569
2.797993279;-0.013630547;-0.013822035;-0.014166453
2.797615984;-0.013585649;-0.013805848;-0.014182804
2.79723879;-0.013549195;-0.013789467;-0.014198643
2.796860915;-0.013523381;-0.013775428;-0.014212452
2.796483925;-0.013507989;-0.013766401;-0.01422263
2.796107036;-0.0135012;-0.01376436;-0.014229035
2.795730249;-0.013500044;-0.013770737;-0.014233027
2.795353563;-0.013501331;-0.013786114;-0.014237858
2.794976979;-0.013502338;-0.013810085;-0.014247106
2.794600496;-0.013501661;-0.013841469;-0.014263794
2.794224115;-0.013499113;-0.013878374;-0.01428872
2.793847835;-0.013495386;-0.013917981;-0.014319904
2.793470876;-0.013491419;-0.013957728;-0.014353723
2.793094799;-0.01348758;-0.013994503;-0.014385669
2.792718823;-0.013483883;-0.014026252;-0.014412491
2.792342949;-0.013479315;-0.014051256;-0.014432976
2.791967175;-0.013474052;-0.014068794;-0.014448378
2.791591503;-0.013469106;-0.014079175;-0.014461222
2.791215932;-0.013467393;-0.014083309;-0.014473952
2.790840462;-0.013473211;-0.01408306;-0.01448793
2.790464314;-0.013491026;-0.014080666;-0.014502699
2.790089046;-0.013524081;-0.014078584;-0.01451703
2.789713879;-0.013573114;-0.014078983;-0.014529803
2.789338812;-0.013635772;-0.014083798;-0.014541531
2.788963847;-0.013706749;-0.014093925;-0.014554852
2.788588982;-0.013779293;-0.014109438;-0.014574129
2.788214218;-0.013846638;-0.014129907;-0.014603961
2.787838778;-0.013903932;-0.014154246;-0.014647266
2.787464216;-0.013948357;-0.014181046;-0.014703531
2.787089754;-0.013979375;-0.014208816;-0.014768104
2.786715393;-0.013997819;-0.014235574;-0.014832986
2.786341133;-0.014004802;-0.014258698;-0.014889736
2.785966973;-0.014001676;-0.014275482;-0.014931619
2.785592913;-0.013989422;-0.014282945;-0.01495539
2.785218954;-0.013969805;-0.014279263;-0.014961982
2.78484432;-0.013945716;-0.01426427;-0.01495567
2.784470562;-0.013920755;-0.014240358;-0.014942419
2.784096904;-0.013899265;-0.014213165;-0.014928226
2.783723347;-0.013885236;-0.014190221;-0.014917866
2.78334989;-0.013882231;-0.014180059;-0.014913766
2.782976533;-0.013891983;-0.014189256;-0.014916044
2.782603276;-0.013915294;-0.014220986;-0.01492291
2.782230119;-0.013951296;-0.01427281;-0.014931767
2.781857062;-0.013998695;-0.01433776;-0.014940654
2.781483332;-0.014055063;-0.014406192;-0.014949428
2.781110475;-0.01411725;-0.014468554;-0.014959985
2.780737719;-0.014180986;-0.014518343;-0.014976031
2.780365062;-0.014241025;-0.014553441;-0.015001683
2.779992505;-0.014291696;-0.014576184;-0.01504002
2.779620048;-0.014329209;-0.014591964;-0.015092123
2.779247691;-0.014351785;-0.014607125;-0.015156209
2.778875434;-0.014361285;-0.014627124;-0.015228473
2.778502504;-0.014362859;-0.014655237;-0.015303891
2.778130446;-0.014363404;-0.014692618;-0.015377887
2.777758488;-0.014369625;-0.014738573;-0.015446898
2.777386629;-0.014386325;-0.014791565;-0.015509641
2.77701487;-0.014414712;-0.014849477;-0.015566343
2.776643211;-0.014452697;-0.014909659;-0.015618296
2.77627165;-0.014496171;-0.014969211;-0.015667401
2.775899419;-0.014540749;-0.015024121;-0.015715102
2.775528828;-0.014583224;-0.015070565;-0.01576311
2.775156796;-0.014622393;-0.01510454;-0.015812458
2.774785634;-0.014658422;-0.015123202;-0.015864181
2.774414571;-0.014692591;-0.015125689;-0.01591901
2.774043607;-0.014727043;-0.015113733;-0.015976772
2.773672742;-0.014764447;-0.015091542;-0.016036305
2.773301977;-0.014808589;-0.015065564;-0.016095683
2.77293131;-0.014864352;-0.01504334;-0.016152553
2.772559974;-0.014937015;-0.015032499;-0.016205119
2.772189506;-0.015030878;-0.015039369;-0.016253397
2.771819137;-0.01514694;-0.01506858;-0.016299432
2.771448866;-0.015281053;-0.015121747;-0.016346826
2.771078695;-0.015423485;-0.015197502;-0.01639968
2.770708623;-0.015561492;-0.015292292;-0.016460474
2.770338649;-0.015683023;-0.015401271;-0.01652923
2.769968774;-0.015780142;-0.015520098;-0.016602728
2.769598231;-0.015852349;-0.015646262;-0.016676397
2.769228554;-0.015904905;-0.015779004;-0.016745634
2.768858975;-0.015946884;-0.015918634;-0.016807854
2.768489496;-0.015987505;-0.016064869;-0.016863319
2.768120114;-0.016032494;-0.016215603;-0.016915348
2.767750832;-0.0160834;-0.016365613;-0.016969232
2.767381647;-0.016137335;-0.016507144;-0.017030393
2.767012562;-0.016189721;-0.016632118;-0.01710269
2.766642809;-0.01623749;-0.016734436;-0.017187264
2.76627392;-0.016280582;-0.016812312;-0.017282391
2.76590513;-0.016322661;-0.016869355;-0.01738433
2.765536438;-0.016369662;-0.016913989;-0.017488373
2.765167844;-0.016427216;-0.016957269;-0.017589572
2.764799349;-0.0164991;-0.017010374;-0.017683365
2.764430952;-0.016585674;-0.017081613;-0.017766057
2.764061888;-0.01668459;-0.01717496;-0.017835319
2.763694451;-0.01679149;-0.017288659;-0.017890971
2.763325585;-0.016901114;-0.017415805;-0.017935079
2.76295758;-0.017008495;-0.017546438;-0.01797184
2.762589674;-0.017109764;-0.017670645;-0.018007238
2.762221865;-0.017202231;-0.017780757;-0.018047061
2.761854154;-0.017285292;-0.017873274;-0.018095888
2.761486541;-0.017360334;-0.017948769;-0.018156155
2.761119026;-0.01743214;-0.018010722;-0.018228058
2.760750847;-0.017507876;-0.018064567;-0.018310254
2.760383528;-0.017595545;-0.018115865;-0.018400895
2.760016306;-0.017702232;-0.018170103;-0.018498136
2.759649182;-0.017831291;-0.018232236;-0.018600343
2.759282156;-0.017980255;-0.018306274;-0.01870624
2.758915228;-0.018140656;-0.018395576;-0.018814081
2.758548397;-0.018300247;-0.018501452;-0.018921744
2.758181663;-0.01844707;-0.01862372;-0.019026755
2.757814267;-0.018573078;-0.018759892;-0.019126912
2.757447728;-0.018677751;-0.018905737;-0.019221361
2.757081288;-0.018767079;-0.019055215;-0.019310954
2.756714944;-0.018853112;-0.019201454;-0.019398815
2.756348698;-0.018949407;-0.019338168;-0.019489984
2.755982549;-0.019065398;-0.019461021;-0.019590102
2.755616498;-0.019202339;-0.019569367;-0.019703294
2.755250543;-0.019351188;-0.019666508;-0.019830143
2.754883927;-0.019497357;-0.019758575;-0.01996753
2.754518167;-0.019627422;-0.019852836;-0.020110612
2.754152505;-0.019735332;-0.019954982;-0.020255084
2.753786939;-0.019824548;-0.020069181;-0.020399159
2.75342147;-0.019905305;-0.020196863;-0.020543109
2.753056099;-0.019991099;-0.020337815;-0.020688466
2.752690824;-0.020093475;-0.020489649;-0.020836382
2.752324889;-0.020219108;-0.020648739;-0.020986352
2.751960566;-0.020367068;-0.020810347;-0.021136137
2.751594824;-0.020529952;-0.020968703;-0.021281689
2.751229937;-0.020694759;-0.02111717;-0.0214182
2.750865147;-0.020848697;-0.021249414;-0.021541837
2.750500454;-0.020982461;-0.021359632;-0.02165057
2.750135857;-0.021093006;-0.021444082;-0.021744748
2.749771357;-0.021183724;-0.021502159;-0.021826881
2.749406953;-0.021263419;-0.021537519;-0.021901082
2.74904189;-0.021343078;-0.021558446;-0.021971929
2.74867768;-0.021432305;-0.021576652;-0.022043254
2.748313566;-0.021536997;-0.021605778;-0.022117508
2.747949549;-0.021657933;-0.021657699;-0.022194817
2.747585628;-0.021791787;-0.021740349;-0.022273394
2.747221803;-0.021932818;-0.021855506;-0.022350176
2.746858075;-0.022075509;-0.021998724;-0.022422137
2.746494443;-0.022216088;-0.022160436;-0.022487253
2.746130153;-0.02235323;-0.022328248;-0.022545474
2.745766714;-0.022486628;-0.022490103;-0.022599003
2.745403371;-0.022615786;-0.022636387;-0.02265123
2.745040124;-0.02273797;-0.022761848;-0.022705603
2.744676973;-0.022848793;-0.022865869;-0.022764462
2.744313919;-0.022943575;-0.022951589;-0.02282783
2.74395096;-0.023019129;-0.0230241;-0.022893603
2.743588097;-0.023076766;-0.023088741;-0.022958349
2.743225331;-0.023122583;-0.023149393;-0.023018527
2.742861908;-0.023166656;-0.023207619;-0.023071753
2.742499333;-0.023220419;-0.023262818;-0.023117923
2.742136854;-0.023293051;-0.023312887;-0.023159239
2.741774471;-0.023387771;-0.023356389;-0.023200076
2.741412184;-0.023501205;-0.023393579;-0.023245942
2.741049992;-0.023623833;-0.023428232;-0.023302157
2.740687896;-0.023744352;-0.023467044;-0.023372848
2.740325145;-0.023853919;-0.023517985;-0.02345987
2.739963241;-0.023949402;-0.023587307;-0.023562681
2.739601432;-0.024033781;-0.023676598;-0.023677976
2.739239719;-0.024113727;-0.023781489;-0.023800137
2.738878101;-0.024195473;-0.023892942;-0.02392214
2.738516578;-0.024281947;-0.02400041;-0.024037023
2.738155152;-0.024372153;-0.024095923;-0.024139322
2.73779382;-0.024462924;-0.024176882;-0.02422633
2.737431835;-0.024550511;-0.024246186;-0.024298847
2.737070694;-0.024633496;-0.024311456;-0.024360912
2.736709649;-0.024712623;-0.024382353;-0.024419335
2.736348698;-0.024791468;-0.024468133;-0.02448255
2.735987843;-0.024875294;-0.024575438;-0.024558993
2.735627084;-0.024970135;-0.024707097;-0.024655439
2.735266419;-0.025081629;-0.0248623;-0.024775474
2.734905849;-0.025214187;-0.02503769;-0.024918758
2.734544627;-0.025369961;-0.025229136;-0.025081945
2.734184248;-0.02554865;-0.025433209;-0.025260471
2.733823964;-0.025747248;-0.025646593;-0.025450303
2.733463774;-0.025959946;-0.025865169;-0.025648377
2.73310368;-0.026177723;-0.026081679;-0.025851637
2.73274368;-0.026388647;-0.026285331;-0.026054853
2.732383775;-0.02657988;-0.026462828;-0.026249587
2.732023219;-0.026739264;-0.026601278;-0.026424095
2.73166425;-0.026858139;-0.026691892;-0.026564744
2.731303884;-0.026933605;-0.026733155;-0.026659475
2.730944358;-0.026968186;-0.026731616;-0.026700932
2.730584927;-0.026969429;-0.026700534;-0.026689516
2.73022559;-0.026947429;-0.026656078;-0.026633886
2.729866348;-0.026912177;-0.026612844;-0.026549357
2.729507201;-0.026873387;-0.026581172;-0.026455153
2.729148148;-0.026839609;-0.02656589;-0.026369949
2.728788445;-0.026818495;-0.026567174;-0.026308032
2.728429581;-0.026816589;-0.026582385;-0.026276572
2.728070812;-0.026838551;-0.026608328;-0.026274958
2.727712137;-0.026884883;-0.026641781;-0.026295504
2.727353556;-0.026951545;-0.026680316;-0.026326538
2.72699507;-0.027028633;-0.026720822;-0.026355512
2.726636677;-0.027102738;-0.026759467;-0.026372358
2.726278379;-0.027159696;-0.02679161;-0.026372123
2.725919432;-0.02718834;-0.026812449;-0.026355794
2.725561323;-0.027184553;-0.026818898;-0.026330207
2.725203307;-0.027152293;-0.026810908;-0.026305359
2.724845385;-0.027103458;-0.026792521;-0.026290824
2.724487558;-0.027052955;-0.026770924;-0.02629189
2.724129824;-0.02701413;-0.026754582;-0.026307307
2.723772185;-0.026995242;-0.026751371;-0.026331499
2.723414639;-0.026999203;-0.026767128;-0.026358073
2.723056446;-0.02702724;-0.026806769;-0.026384858
2.722699088;-0.027081829;-0.026874317;-0.026415691
2.722341824;-0.027167231;-0.026973366;-0.026459693
2.721984653;-0.02728725;-0.027104674;-0.026527788
2.721627577;-0.027439079;-0.027261778;-0.026626195
2.721270594;-0.027605866;-0.027425923;-0.026748474
2.720913705;-0.027751148;-0.02756248;-0.026868451
2.720556169;-0.027823261;-0.027625778;-0.026941852
2.720200207;-0.027769149;-0.027570956;-0.02691774
2.719842858;-0.027552596;-0.027368238;-0.02675613
2.719486343;-0.027164815;-0.027010584;-0.02644004
2.719129922;-0.026623681;-0.026512086;-0.025977552
2.718773594;-0.025965339;-0.025901439;-0.02539635
2.718417359;-0.025236214;-0.02521653;-0.024737232
2.718061218;-0.024485671;-0.024499445;-0.024047974
2.71770517;-0.023760154;-0.023792427;-0.023376952
2.717348477;-0.023095827;-0.023131101;-0.022765008
2.716992615;-0.022512573;-0.022538502;-0.022237196
2.716636847;-0.022011508;-0.022021408;-0.021798406
2.716281172;-0.021578977;-0.021571804;-0.021435202
2.71592559;-0.021194025;-0.021174155;-0.021123839
2.715570101;-0.020837099;-0.020812436;-0.020839123
2.715214706;-0.020495917;-0.020476512;-0.020562766
2.714859403;-0.020166091;-0.020163208;-0.020286105
2.714503456;-0.019848563;-0.019873447;-0.020009488
2.71414834;-0.019544862;-0.019608358;-0.019738571
2.713793316;-0.019253752;-0.019365122;-0.019479238
2.713438385;-0.018969561;-0.019135809;-0.019234456
2.713083547;-0.018684223;-0.018909692;-0.019003394
2.712728802;-0.018391195;-0.018676491;-0.018782533
2.712374149;-0.018088106;-0.018429855;-0.018567152
2.712019589;-0.017779967;-0.01816978;-0.018353593
2.711665122;-0.017478119;-0.017902268;-0.018140143
2.711310013;-0.017197667;-0.017637236;-0.017927951
2.710955731;-0.016951823;-0.017384044;-0.017720291
2.710601542;-0.016747439;-0.017148594;-0.017522386
2.710247446;-0.01658331;-0.016931644;-0.017339726
2.709893442;-0.016450784;-0.016730602;-0.017177063
2.70953953;-0.016337851;-0.016542102;-0.017037137
2.709185711;-0.016231812;-0.016364004;-0.016919796
2.708831984;-0.016121244;-0.016195531;-0.016821006
2.708477616;-0.015997795;-0.016036856;-0.016733559
2.708124074;-0.015857476;-0.015888037;-0.01664859
2.707770625;-0.015701136;-0.015748151;-0.016557561
2.707417267;-0.015534148;-0.015615872;-0.016454813
2.707064002;-0.015364159;-0.015488822;-0.016337165
2.706710829;-0.015197835;-0.015363702;-0.016203448
2.706357749;-0.015037196;-0.015235612;-0.016052208
2.706004028;-0.014875946;-0.015096393;-0.015879437
2.705651131;-0.014699385;-0.014935211;-0.015678511
2.705298327;-0.014486641;-0.014739497;-0.015441367
2.704945614;-0.01421675;-0.014497632;-0.015161522
2.704592994;-0.013875684;-0.014202563;-0.014837569
2.704240465;-0.013461018;-0.013853829;-0.014473781
2.703888029;-0.01298325;-0.013458111;-0.014079612
2.703535684;-0.012463329;-0.013027152;-0.013666349
2.7031827;-0.011926984;-0.012574976;-0.013244024
2.702830539;-0.011398709;-0.012114392;-0.012819103
2.70247847;-0.010896922;-0.011654796;-0.012393761
2.702126492;-0.010431158;-0.011201496;-0.011967873
2.701774607;-0.010002694;-0.010756889;-0.0115417
2.701422812;-0.009606817;-0.010321914;-0.011118068
2.70107111;-0.0092368;-0.009898328;-0.010703302
2.700719499;-0.008887242;-0.009489518;-0.010305347
2.700367979;-0.008555645;-0.009100078;-0.009930831
2.700015822;-0.008241939;-0.008734368;-0.009582742
2.699664486;-0.00794672;-0.008395244;-0.009258895
2.699313241;-0.007669868;-0.008082696;-0.008953044
2.698962087;-0.007409562;-0.007794351;-0.008657812
2.698611025;-0.007162545;-0.007525758;-0.008366434
2.698260054;-0.006923471;-0.007271607;-0.0080749
2.697909174;-0.006687245;-0.007026315;-0.007782327
2.697558386;-0.006447836;-0.006784158;-0.007489553
2.697206961;-0.00619994;-0.006539629;-0.007197962
2.696856355;-0.005940024;-0.006287885;-0.006908758
2.696505841;-0.005667304;-0.006025249;-0.006622448
2.696155417;-0.005385683;-0.005750734;-0.006340155
2.695805085;-0.005103999;-0.005467317;-0.006064069
2.695454843;-0.004835689;-0.005182344;-0.005798219
2.695104693;-0.004596099;-0.004907478;-0.005547701
2.694753907;-0.004398783;-0.004656531;-0.005317085
2.694403939;-0.004250474;-0.004442744;-0.005108592
2.694054061;-0.004147908;-0.004274474;-0.004920894
2.693704274;-0.004077934;-0.004152488;-0.004749893
2.693354579;-0.004021453;-0.004069364;-0.004590545
2.693004973;-0.003958445;-0.004010219;-0.004438297
2.692655459;-0.00387536;-0.003957747;-0.004291386
2.692306036;-0.003766518;-0.00389485;-0.004149417
2.691955978;-0.003634183;-0.003808732;-0.004012539
2.691606736;-0.003485537;-0.003692297;-0.003880018
2.691257584;-0.003329076;-0.00354478;-0.003749354
2.690908523;-0.00317226;-0.003372153;-0.003617083
2.690559553;-0.003020024;-0.003185963;-0.003480438
2.690210673;-0.002874269;-0.003000236;-0.003338172
2.689861884;-0.002735022;-0.002828343;-0.003191838
2.689513185;-0.002601754;-0.00267922;-0.003045498
2.689164576;-0.002473804;-0.002554076;-0.002903274
2.688815335;-0.002351466;-0.002447315;-0.002768743
2.688466907;-0.00223547;-0.002348192;-0.002642701
2.68811857;-0.002126286;-0.002245623;-0.002523823
2.687770323;-0.002024112;-0.002132626;-0.002409802
2.687422166;-0.001927649;-0.002008836;-0.002298341
2.687074099;-0.001834861;-0.0018802;-0.002188676
2.686726122;-0.001742998;-0.001756284;-0.002081085
2.686378236;-0.001650325;-0.001646219;-0.001976717
2.686029718;-0.001555716;-0.001553966;-0.001875664
2.685682011;-0.001460369;-0.001477754;-0.001777306
2.685334395;-0.001366748;-0.001410322;-0.001680161
2.684986869;-0.001278546;-0.001342909;-0.00158322
2.684639433;-0.001199421;-0.001269201;-0.001487005
2.684292086;-0.00113123;-0.001187299;-0.001393819
2.68394483;-0.001073844;-0.001100578;-0.001307318
2.683596943;-0.001025064;-0.001016379;-0.001230855
2.683249866;-0.00098148;-0.000942506;-0.001166385
2.682902879;-0.000940211;-0.000884843;-0.001113061
2.682555982;-0.000900182;-0.000845332;-0.001067856
2.682209175;-0.000862661;-0.000822425;-0.001027298
2.681862457;-0.000830258;-0.000812296;-0.000988777
2.681515829;-0.000805036;-0.000809854;-0.000951456
2.68116929;-0.000786865;-0.000810174;-0.000916713
2.680822841;-0.000771798;-0.000808263;-0.00088597
2.680475763;-0.000753141;-0.000799619;-0.000860354
2.680129493;-0.000722728;-0.000780027;-0.000838435
2.679783313;-0.000675133;-0.000747824;-0.00081624
2.679437222;-0.000610616;-0.000704142;-0.000788119
2.67909122;-0.000535793;-0.000653835;-0.000748251
2.678745308;-0.000462875;-0.000603872;-0.000693299
2.678399485;-0.000404772;-0.000560683;-0.000623678
2.678053751;-0.0003713;-0.000527436;-0.000543997
2.67770739;-0.000366841;-0.000502793;-0.000462304
2.677361835;-0.000389973;-0.000481299;-0.00038912
2.677016369;-0.000434724;-0.000455811;-0.000335679
2.676670992;-0.000491661;-0.000420365;-0.000310592
2.676325705;-0.000551485;-0.000373727;-0.000317894
2.675980506;-0.000606354;-0.000320101;-0.000354995
2.675635397;-0.000650307;-0.000267094;-0.000413577
2.67528966;-0.000678841;-0.000222456;-0.0004824
2.674944729;-0.000688793;-0.00019105;-0.000549916
2.674599887;-0.000677527;-0.000173517;-0.000606833
2.674255133;-0.000644119;-0.000166734;-0.000647072
2.673910468;-0.000590649;-0.000166167;-0.000667864
2.673565893;-0.000522373;-0.000168;-0.000669055
2.673221406;-0.000446861;-0.000170632;-0.00065234
2.672877007;-0.000371189;-0.000174676;-0.000619185
2.672531984;-0.000298685;-0.000180934;-0.000569922
2.672187763;-0.000228127;-0.000189178;-0.000504212
2.671843631;-0.000154007;-0.000196675;-0.000422145
2.671499588;-7.05004E-05;-0.000198592;-0.000327534
2.671155633;2.34132E-05;-0.000190813;-0.000230517
2.670811767;0.000118442;-0.000172998;-0.000147897
2.670467989;0.000196584;-0.000150761;-9.78364E-05
2.6701243;0.000239288;-0.000133111;-9.02973E-05
2.669780699;0.000236971;-0.000126892;-0.000121972
2.669436474;0.000193084;-0.000133356;-0.000178914
2.66909305;0.000119978;-0.000147488;-0.000243599
2.668749715;3.42533E-05;-0.00015938;-0.000300567
2.668406468;-4.81364E-05;-0.000157055;-0.000338909
2.668063309;-0.0001135;-0.000129117;-0.000351935
2.667720238;-0.000153283;-6.97245E-05;-0.000337938
2.667377256;-0.000164682;1.88839E-05;-0.000298968
2.667034362;-0.000151309;0.000124558;-0.000241493
2.666690845;-0.000120593;0.000228316;-0.000173893
2.666348127;-7.97156E-05;0.000310894;-0.000105625
2.666005497;-3.33141E-05;0.000358926;-4.54357E-05
2.665662956;1.71234E-05;0.000369058;-4.64333E-07
2.665320502;7.07066E-05;0.000346342;2.37372E-05
2.664978137;0.000125457;0.000300724;2.50419E-05
2.664635859;0.000176088;0.000243813;5.48563E-06
2.664292959;0.000215812;0.000184727;-2.77797E-05
2.663950858;0.000238145;0.000129869;-6.43869E-05
2.663608844;0.000238773;8.20478E-05;-9.37446E-05
2.663266918;0.000216475;4.27131E-05;-0.000107903
2.662925079;0.000172612;1.28461E-05;-0.000103894
2.662583329;0.000110094;-6.92509E-06;-8.4221E-05
2.662241666;3.38928E-05;-1.55856E-05;-5.5749E-05
2.661900091;-5.04201E-05;-1.33415E-05;-2.74748E-05
2.661557895;-0.000134852;-1.26172E-06;-7.1378E-06
2.661216495;-0.000210633;1.82124E-05;6.48535E-07
2.660875183;-0.000268023;4.23265E-05;-3.71806E-06
2.660533959;-0.00029898;6.84261E-05;-1.70567E-05
2.660192821;-0.000298641;9.50283E-05;-3.51206E-05
2.659851772;-0.000267836;0.00012117;-5.55638E-05
2.65951081;-0.000212885;0.00014613;-7.84828E-05
2.659169935;-0.000145235;0.000168636;-0.000105722
2.658829147;-7.74962E-05;0.000186847;-0.000138595
2.658487741;-2.00682E-05;0.000198832;-0.000176233
2.658147128;2.09491E-05;0.000202643;-0.000215255
2.657806603;4.50752E-05;0.000197587;-0.000250972
2.657466164;5.56203E-05;0.000184013;-0.000279008
2.657125814;5.7215E-05;0.000163893;-0.000296995
2.65678555;5.41744E-05;0.000140713;-0.000305088
2.656445373;4.8886E-05;0.000118928;-0.000305649
2.656105284;4.27663E-05;0.000103591;-0.00030158
2.655764576;3.6168E-05;9.88834E-05;-0.000295233
2.655424661;3.02887E-05;0.00010739;-0.000287061
2.655084833;2.65256E-05;0.000129084;-0.000275802
2.654745091;2.64983E-05;0.000161198;-0.000259961
2.654405437;3.00613E-05;0.00019913;-0.000238976
2.65406587;3.50609E-05;0.000237084;-0.000214122
2.653726389;3.73757E-05;0.000269346;-0.000189078
2.653386291;3.27893E-05;0.000292025;-0.000167765
2.653047689;1.9406E-05;0.000303145;-0.000154252
2.652707765;-5.2514E-07;0.000303966;-0.000150337
2.652368631;-2.01665E-05;0.000297803;-0.000155852
2.652029585;-3.12297E-05;0.000288531;-0.000169236
2.651690625;-2.64468E-05;0.000278557;-0.000188069
2.651351752;-3.64128E-06;0.000268297;-0.000210084
2.651012965;3.40841E-05;0.000256309;-0.000233169
2.650674265;7.84589E-05;0.000240317;-0.000254946
2.650334949;0.000119699;0.000219311;-0.000272388
2.649996423;0.000150218;0.000194517;-0.000281932
2.649657982;0.000166;0.000169429;-0.000280566
2.649319628;0.000167771;0.000148476;-0.000267184
2.648981361;0.000159929;0.000136103;-0.000242915
2.64864318;0.000147554;0.000133918;-0.000211252
2.648305085;0.00013499;0.000141164;-0.000176358
2.647967076;0.000123218;0.000154389;-0.000141555
2.647628453;0.000111567;0.000168999;-0.000107925
2.647290617;9.79094E-05;0.000181081;-7.42659E-05
2.646952868;8.02439E-05;0.000188538;-3.85843E-05
2.646615204;5.82947E-05;0.000191109;-3.00009E-07
2.646277627;3.35967E-05;0.000191073;3.83632E-05
2.645940136;9.16814E-06;0.000191317;7.13707E-05
2.64560273;-1.20134E-05;0.00019456;9.13158E-05
2.645265411;-2.73132E-05;0.000203258;9.16615E-05
2.644927479;-3.49736E-05;0.00021862;7.03023E-05
2.644590332;-3.42493E-05;0.000240969;3.02706E-05
2.644253271;-2.5272E-05;0.000269887;-2.11328E-05
2.643916296;-8.7886E-06;0.000303077;-7.46919E-05
2.643579407;1.44513E-05;0.000337685;-0.000121452
2.643242603;4.26391E-05;0.000369033;-0.000155163
2.642905886;7.38806E-05;0.000391891;-0.000172306
2.642568555;0.000105596;0.000401675;-0.000172637
2.642232708;0.000136243;0.000395898;-0.000157639
2.641895549;0.000164561;0.000375415;-0.000130552
2.641559175;0.000190806;0.000344337;-9.52104E-05
2.641222886;0.000215439;0.000308917;-5.60728E-05
2.640886683;0.000238617;0.000275389;-1.85204E-05
2.640550565;0.000259155;0.000247463;1.17122E-05
2.640214533;0.000274364;0.000225664;2.92268E-05
2.639878587;0.000280872;0.000206546;3.0303E-05
2.639542029;0.000275674;0.000184972;1.40175E-05
2.639206253;0.000257824;0.000155628;-1.70221E-05
2.638870563;0.000228028;0.000114882;-5.7779E-05
2.638534959;0.000189884;6.28924E-05;-0.000101744
2.638199439;0.000148311;2.92723E-06;-0.000143189
2.637864005;0.000108422;-5.93381E-05;-0.000177599
2.637528657;7.51552E-05;-0.000117479;-0.000202322
2.637193393;5.25495E-05;-0.000165916;-0.000215627
2.63685752;4.39511E-05;-0.000201017;-0.00021661
2.636522427;5.19285E-05;-0.000221276;-0.000203982
2.636187419;7.77033E-05;-0.000226749;-0.00017761
2.635852497;0.000120875;-0.000218438;-0.000138217
2.635517659;0.000177968;-0.00019749;-8.92309E-05
2.635182907;0.000243023;-0.000164909;-3.64524E-05
2.634848239;0.000306857;-0.000121942;1.2381E-05
2.634513657;0.000358797;-7.09641E-05;4.92372E-05
2.634178466;0.000390278;-1.45308E-05;6.89503E-05
2.633844053;0.000396979;4.40365E-05;7.03159E-05
2.633509726;0.000380047;0.000102184;5.7429E-05
2.633175483;0.000345864;0.000158225;3.70388E-05
2.632841325;0.000302918;0.000211978;1.64681E-05
2.632507253;0.000259671;0.000263817;1.41095E-06
2.632173264;0.000222445;0.000313573;-6.01947E-06
2.631838668;0.000195473;0.000360264;-6.2201E-06
2.631505542;0.000181187;0.000400902;-2.21024E-06
2.631171116;0.000180304;0.000430696;1.53534E-06
2.630837467;0.000192291;0.000445542;1.08491E-06
2.630503902;0.000214177;0.000443028;-5.93297E-06
2.630170422;0.000241227;0.000425348;-1.8846E-05
2.629837026;0.000266529;0.000399029;-3.39892E-05
2.629503715;0.000283282;0.000372164;-4.59671E-05
2.629170489;0.000286353;0.00035125;-4.93037E-05
2.628836656;0.000273772;0.000338897;-4.02329E-05
2.628503598;0.000247614;0.000332806;-1.76347E-05
2.628170625;0.000214226;0.000327318;1.61752E-05
2.627837736;0.000183136;0.00031442;5.49574E-05
2.627504932;0.000163586;0.000286504;8.85864E-05
2.627172212;0.000161587;0.000240151;0.000105396
2.626839576;0.00017614;0.000178173;9.55613E-05
2.626507024;0.000199487;0.000111563;5.60298E-05
2.626173867;0.000219215;5.53794E-05;-7.34807E-06
2.625841484;0.000224838;2.44089E-05;-8.15949E-05
2.625509185;0.000210404;2.77415E-05;-0.000152237
2.62517697;0.000178005;6.68374E-05;-0.000207674
2.624844839;0.000134856;0.000135491;-0.000242654
2.624512792;9.11233E-05;0.000222138;-0.000258288
2.624180829;5.6181E-05;0.000312762;-0.000260561
2.62384895;3.554E-05;0.000393675;-0.000257353
2.623517155;3.04176E-05;0.000454759;-0.000255263
2.623184756;3.72901E-05;0.000491116;-0.000257107
2.622853129;5.09127E-05;0.000503334;-0.000260783
2.622521586;6.68954E-05;0.000496005;-0.000260699
2.622190127;8.30728E-05;0.000474818;-0.00024996
2.621858751;9.99618E-05;0.000445399;-0.000222756
2.621527459;0.000119051;0.000411309;-0.000177115
2.621196251;0.00014135;0.000374598;-0.000115393
2.62086444;0.00016516;0.000335643;-4.50078E-05
2.620533399;0.000187372;0.000295669;2.48973E-05
2.620202442;0.000203995;0.000255611;8.57755E-05
2.619871569;0.000213668;0.000218137;0.000133084
2.619540779;0.000218092;0.000185468;0.000167057
2.619210072;0.000221533;0.000159186;0.0001904
2.61887945;0.000228527;0.000139302;0.00020632
2.61854891;0.000242695;0.000125512;0.000216528
2.618217769;0.000264552;0.000116528;0.00022001
2.617887396;0.000291007;0.000110927;0.000213092
2.617557107;0.000315308;0.000106253;0.000190335
2.617226902;0.000328869;0.000100206;0.000146853
2.616896779;0.000324627;9.04489E-05;8.10149E-05
2.61656674;0.000299822;7.5917E-05;-2.96598E-06
2.616236784;0.000257868;5.68899E-05;-9.5481E-05
2.615906911;0.000206752;3.51031E-05;-0.000183849
2.615576438;0.000155861;1.29131E-05;-0.000256267
2.615246732;0.000113579;-7.75352E-06;-0.000304456
2.614917108;8.52222E-05;-2.59294E-05;-0.000325514
2.614587568;7.36312E-05;-4.11514E-05;-0.000321386
2.614258111;7.82318E-05;-5.42134E-05;-0.000299192
2.613928738;9.5768E-05;-6.65098E-05;-0.00026897
2.613599447;0.000120046;-7.90704E-05;-0.000241189
2.613269556;0.000143506;-9.28461E-05;-0.000223475
2.612941113;0.000158984;-0.000107395;-0.000218022
2.612611389;0.000161727;-0.000121613;-0.000220906
2.61228243;0.000150613;-0.000134025;-0.000224354
2.611953553;0.00012857;-0.000143687;-0.000220149
2.61162476;0.000100907;-0.000151151;-0.000203538
2.611296049;7.47703E-05;-0.000158375;-0.000174646
2.610967421;5.5899E-05;-0.00016824;-0.000139047
2.610638876;4.77399E-05;-0.000183848;-0.000105278
2.610309732;4.95916E-05;-0.000207207;-8.22349E-05
2.609981352;5.72228E-05;-0.000237969;-7.53691E-05
2.609653054;6.49028E-05;-0.000272913;-8.4681E-05
2.60932484;6.67235E-05;-0.000307031;-0.00010473
2.608996708;5.97165E-05;-0.000333347;-0.000126327
2.608668658;4.50296E-05;-0.000344974;-0.000139539
2.608340691;2.70228E-05;-0.000336261;-0.000136639
2.608012806;1.1882E-05;-0.000303609;-0.00011347
2.607684324;5.39224E-06;-0.000245967;-7.04205E-05
2.607356605;1.03195E-05;-0.000165646;-1.15714E-05
2.607028967;2.55028E-05;-6.77864E-05;5.55416E-05
2.606701412;4.54934E-05;3.93454E-05;0.000121806
2.60637394;6.22864E-05;0.000144985;0.000177263
2.606046549;6.80247E-05;0.000237288;0.000213466
2.605719241;5.77491E-05;0.000305318;0.000225444
2.605392015;3.19639E-05;0.000341804;0.000213483
2.605064193;-2.9455E-06;0.000344029;0.000183077
2.604737131;-3.75214E-05;0.000314405;0.00014362
2.604410152;-6.24428E-05;0.000258181;0.00010465
2.604083255;-7.22336E-05;0.000181568;7.34777E-05
2.603756439;-6.66416E-05;9.07463E-05;5.36336E-05
2.603429706;-5.125E-05;-9.0121E-06;4.45363E-05
2.603103055;-3.47488E-05;-0.000111206;4.28088E-05
2.602775808;-2.62622E-05;-0.000208226;4.40164E-05
2.602449998;-3.19561E-05;-0.000291004;4.37383E-05
2.602122916;-5.24628E-05;-0.000350564;3.90003E-05
2.601796593;-8.23143E-05;-0.000380316;2.77666E-05
2.601470351;-0.000110922;-0.00037848;9.41499E-06
2.601144191;-0.000125844;-0.000349452;-1.64394E-05
2.600818113;-0.000117005;-0.000302382;-4.93329E-05
2.600492117;-7.99318E-05;-0.00024961;-8.83627E-05
2.600166203;-1.71369E-05;-0.000202615;-0.000130862
2.599839694;6.31569E-05;-0.000169082;-0.000172737
