Wavelength (micron),fresh,1 pulse,5 pulses
3.20035844,0.000123179,-5.97E-05,-5.05525E-05
3.199864838,0.000152364,-7.41533E-05,-6.75157E-05
3.199371388,0.000177717,-8.40683E-05,-8.84143E-05
3.198878089,0.000198809,-8.71804E-05,-0.000106991
3.198384944,0.000214351,-8.24774E-05,-0.000117612
3.197890927,0.00022216,-7.09818E-05,-0.000116847
3.197398085,0.000219425,-5.49084E-05,-0.000105294
3.196905396,0.000203123,-3.75629E-05,-8.68033E-05
3.196412858,0.000171126,-2.15939E-05,-6.78266E-05
3.195920471,0.000123444,-8.76892E-06,-5.49876E-05
3.195428237,6.28777E-05,2.57718E-07,-5.36785E-05
3.194936154,-5.02095E-06,5.94374E-06,-6.65264E-05
3.194444223,-7.21187E-05,8.97034E-06,-9.28798E-05
3.193952443,-0.000129789,1.01036E-05,-0.000128946
3.193459794,-0.000170389,1.02185E-05,-0.000168916
3.192968317,-0.000189262,1.04461E-05,-0.000206214
3.192476992,-0.00018587,1.26236E-05,-0.000234946
3.191985817,-0.000164105,1.91573E-05,-0.000251465
3.191494794,-0.000131354,3.25129E-05,-0.000255057
3.191003922,-9.69429E-05,5.46628E-05,-0.00024797
3.1905132,-6.90675E-05,8.58124E-05,-0.000234986
3.19002263,-5.33318E-05,0.000123994,-0.00022202
3.189531193,-5.12785E-05,0.000164796,-0.000214292
3.189040925,-6.03172E-05,0.000202292,-0.000215281
3.188550807,-7.53652E-05,0.000230082,-0.000225564
3.18806084,-9.05409E-05,0.000242933,-0.000242983
3.187571023,-0.000101694,0.000238066,-0.000262785
3.187081357,-0.000107529,0.000215376,-0.000279112
3.186591841,-0.000109598,0.000178219,-0.000286153
3.186101461,-0.000111458,0.00013187,-0.000279354
3.185612246,-0.000115707,8.29854E-05,-0.00025649
3.185123181,-0.00012348,3.78298E-05,-0.000218213
3.184634267,-0.000132028,1.26071E-06,-0.000168004
3.184145503,-0.000136119,-2.40923E-05,-0.00011171
3.183656888,-0.000129788,-3.81626E-05,-5.64325E-05
3.183168424,-0.000108363,-4.32806E-05,-9.04029E-06
3.182680109,-7.07245E-05,-4.37009E-05,2.50699E-05
3.182190932,-2.00899E-05,-4.46843E-05,4.30914E-05
3.181702917,3.71529E-05,-5.13508E-05,4.50684E-05
3.181215052,9.2693E-05,-6.75021E-05,3.3662E-05
3.180727337,0.000139441,-9.49205E-05,1.2769E-05
3.180239771,0.000172313,-0.000132474,-1.35137E-05
3.179752355,0.000189531,-0.000176604,-4.20517E-05
3.179265087,0.0001917,-0.000221494,-7.12484E-05
3.17877797,0.000180809,-0.000260963,-0.000100718
3.178291001,0.000158811,-0.000289346,-0.000130269
3.177803172,0.000127464,-0.00030329,-0.000159593
3.177316502,8.83365E-05,-0.00030245,-0.000187149
3.176829981,4.36417E-05,-0.000289112,-0.000210903
3.176343609,-3.47281E-06,-0.000267347,-0.000228893
3.175857386,-4.88038E-05,-0.000241355,-0.000239839
3.175371312,-8.80752E-05,-0.000214269,-0.00024413
3.174885387,-0.000117879,-0.000186964,-0.000243626
3.174398602,-0.000137029,-0.000158266,-0.000241084
3.173912974,-0.000146411,-0.000126106,-0.000239264
3.173427495,-0.000148867,-8.94439E-05,-0.000240007
3.172942165,-0.000147561,-4.92886E-05,-0.00024385
3.172456982,-0.000145246,-9.55462E-06,-0.000250063
3.171971948,-0.000143361,2.38254E-05,-0.000257185
3.171487063,-0.000142574,4.47432E-05,-0.000263438
3.171002325,-0.000143569,4.92438E-05,-0.00026707
3.170516731,-0.000147793,3.7217E-05,-0.000266707
3.17003229,-0.000158063,1.2772E-05,-0.000260924
3.169547997,-0.000177233,-1.6943E-05,-0.00024873
3.169063852,-0.000206932,-4.41133E-05,-0.000229463
3.168579855,-0.000245631,-6.28737E-05,-0.000203517
3.168096006,-0.000287636,-7.14961E-05,-0.000172499
3.167612305,-0.000324102,-7.23788E-05,-0.00013954
3.167128751,-0.00034466,-7.0871E-05,-0.000108428
3.166644342,-0.000341297,-7.24736E-05,-8.3126E-05
3.166161084,-0.000310741,-8.02175E-05,-6.63518E-05
3.165677973,-0.000257042,-9.3418E-05,-5.89596E-05
3.165195009,-0.000190716,-0.00010746,-6.0006E-05
3.164712193,-0.000126533,-0.000115628,-6.71959E-05
3.164229524,-7.96727E-05,-0.000111817,-7.7981E-05
3.163747003,-6.1436E-05,-9.31573E-05,-9.07337E-05
3.163263628,-7.64687E-05,-6.12239E-05,-0.000104843
3.162782401,-0.000121384,-2.18597E-05,-0.000120893
3.16229932,-0.000186341,1.6359E-05,-0.00013964
3.161817387,-0.000257744,4.45672E-05,-0.000161468
3.161335601,-0.000322047,5.5971E-05,-0.000185682
3.160853962,-0.000369166,4.70865E-05,-0.000210743
3.160372469,-0.000394611,1.84514E-05,-0.000234859
3.159891123,-0.000399242,-2.61383E-05,-0.000257023
3.159409923,-0.000388262,-8.05535E-05,-0.000276989
3.158927873,-0.000368501,-0.000137831,-0.000295888
3.158446966,-0.000346521,-0.000190552,-0.000315137
3.157966207,-0.000326294,-0.000232735,-0.000336109
3.157485593,-0.000309351,-0.000259889,-0.000359066
3.157005126,-0.000295156,-0.000270017,-0.000383529
3.156524805,-0.000282419,-0.000264165,-0.000407835
3.15604463,-0.000270932,-0.000246658,-0.000430257
3.155564602,-0.000261761,-0.000224134,-0.000449148
3.155083723,-0.000257457,-0.000204698,-0.000463007
3.154603987,-0.000260488,-0.000195736,-0.000470504
3.154124396,-0.000272712,-0.000202292,-0.000470158
3.153644951,-0.000293574,-0.000225786,-0.000460401
3.153165652,-0.000320791,-0.000263599,-0.000439999
3.152686499,-0.000350067,-0.000309659,-0.000408808
3.152207491,-0.000377539,-0.000356311,-0.000368661
3.151728629,-0.000400063,-0.000395723,-0.000323711
3.151249912,-0.000416409,-0.000421921,-0.000279926
3.150770348,-0.000427556,-0.000431546,-0.000243953
3.150291922,-0.000435649,-0.000424469,-0.000221726
3.149813641,-0.000443026,-0.000402884,-0.000216919
3.149335506,-0.000452219,-0.000371081,-0.000230111
3.148857516,-0.000464605,-0.00033417,-0.000259138
3.148379671,-0.000481639,-0.000297243,-0.000299816
3.147901971,-0.000503933,-0.00026484,-0.000347057
3.147424415,-0.000531899,-0.000240251,-0.000396136
3.146946015,-0.000565391,-0.000225189,-0.000442968
3.14646875,-0.000602413,-0.000219731,-0.000484604
3.145991629,-0.000639237,-0.000222361,-0.000518439
3.145514653,-0.000670555,-0.000230558,-0.000542577
3.145037822,-0.000690402,-0.000241769,-0.000555465
3.144561136,-0.000693829,-0.000253859,-0.000556863
3.144084593,-0.00067852,-0.00026611,-0.000547848
3.143607208,-0.000645422,-0.000279187,-0.000531255
3.143130954,-0.000598477,-0.000295034,-0.00051135
3.142654846,-0.000543379,-0.000315927,-0.000492926
3.142178881,-0.00048574,-0.000343844,-0.00047976
3.141703061,-0.000430017,-0.000379233,-0.000473814
3.141227384,-0.000379043,-0.000421234,-0.000474783
3.140751852,-0.000334615,-0.000467078,-0.000480039
3.140276464,-0.000298677,-0.000513261,-0.000485715
3.139800233,-0.000273607,-0.000555831,-0.000488281
3.139325133,-0.000262382,-0.000591441,-0.000485192
3.138850176,-0.000266755,-0.000617662,-0.000475782
3.138375364,-0.000285904,-0.000633192,-0.000461382
3.137900694,-0.000315065,-0.000637429,-0.000444638
3.137426169,-0.000346457,-0.000629896,-0.000428966
3.136951786,-0.000371104,-0.00061028,-0.000417761
3.136477548,-0.000382251,-0.000578417,-0.000414012
3.136003452,-0.000377684,-0.000534635,-0.000419734
3.135528517,-0.000361269,-0.000480593,-0.000436055
3.135054708,-0.000341126,-0.000420072,-0.000462726
3.134581043,-0.000326853,-0.000359045,-0.0004979
3.134107521,-0.000325367,-0.000305375,-0.00053816
3.133634141,-0.000338485,-0.000267599,-0.000578638
3.133160905,-0.000362438,-0.000252801,-0.000613714
3.132687812,-0.000389803,-0.000265212,-0.000638095
3.132214861,-0.000413473,-0.000304592,-0.000648088
3.131741073,-0.000429739,-0.000366136,-0.000642574
3.131268408,-0.000439659,-0.000441612,-0.000623621
3.130795886,-0.000448553,-0.00052091,-0.000595873
3.130323506,-0.000462508,-0.000594608,-0.000565759
3.129851269,-0.000485502,-0.000655586,-0.000539676
3.129379175,-0.000516853,-0.000700143,-0.000522516
3.128907223,-0.000551402,-0.000727819,-0.000516463
3.128434434,-0.000582268,-0.000740585,-0.000520925
3.127962767,-0.000603714,-0.000741421,-0.000532838
3.127491242,-0.000614222,-0.000733564,-0.000548373
3.127019859,-0.000617265,-0.000720173,-0.000563924
3.126548619,-0.000619733,-0.00070413,-0.000577868
3.12607752,-0.000628478,-0.000688572,-0.000590879
3.125606563,-0.000647434,-0.000676806,-0.000605304
3.125135748,-0.000675221,-0.000671768,-0.00062451
3.124664099,-0.000706281,-0.000674973,-0.000651016
3.124193568,-0.000732384,-0.000685663,-0.000685546
3.123723178,-0.000746173,-0.000700178,-0.000726203
3.12325293,-0.000743921,-0.000712418,-0.000768627
3.122782824,-0.000726354,-0.000715796,-0.000807388
3.122312859,-0.00069838,-0.000705072,-0.000837165
3.121843036,-0.000667771,-0.000678583,-0.00085444
3.121373354,-0.000642933,-0.000638992,-0.000858244
3.120903814,-0.000631103,-0.000593202,-0.00085069
3.120433441,-0.000637925,-0.000550331,-0.000835667
3.119964183,-0.000665686,-0.000519301,-0.000818233
3.119495066,-0.0007133,-0.000506194,-0.000802486
3.11902609,-0.000775485,-0.000512825,-0.000791155
3.118557256,-0.000843196,-0.000536612,-0.000784787
3.118088562,-0.000904735,-0.000571996,-0.000782241
3.117620009,-0.000948249,-0.000612256,-0.000781734
3.117151597,-0.000965453,-0.000651535,-0.0007815
3.116682354,-0.000954339,-0.000686115,-0.000780789
3.116214224,-0.000920941,-0.000715121,-0.000780136
3.115746234,-0.000877765,-0.000739416,-0.000781141
3.115278384,-0.000839915,-0.000760889,-0.000785721
3.114810676,-0.000819833,-0.000781061,-0.000795359
3.114343107,-0.000822746,-0.000800606,-0.000810519
3.113875679,-0.00084461,-0.000818973,-0.000830431
3.113407422,-0.000874217,-0.000834772,-0.000853243
3.112941244,-0.000897745,-0.000846394,-0.000876429
3.112473268,-0.00090437,-0.000852215,-0.000897546
3.112006401,-0.000890867,-0.000851182,-0.000914915
3.111539674,-0.000862462,-0.000843068,-0.000927706
3.111073087,-0.00083003,-0.000828314,-0.00093644
3.11060664,-0.000804966,-0.00080793,-0.000942478
3.110140333,-0.000794193,-0.000783407,-0.000947627
3.109674165,-0.000796983,-0.000756366,-0.000953293
3.109207171,-0.000806021,-0.000728406,-0.000960077
3.108741283,-0.000810485,-0.000700668,-0.000967137
3.108275535,-0.000801815,-0.000673473,-0.000972315
3.107809926,-0.000777354,-0.000646924,-0.00097269
3.107344457,-0.000741606,-0.000620684,-0.000965439
3.106879127,-0.000704635,-0.000595257,-0.000948976
3.106413937,-0.000678039,-0.00057224,-0.000923791
3.105948886,-0.000670511,-0.000554843,-0.000892854
3.10548301,-0.000685572,-0.000547177,-0.000861136
3.105018237,-0.000720944,-0.000553726,-0.000834526
3.104553604,-0.000770258,-0.000577372,-0.000818424
3.10408911,-0.000826271,-0.000618093,-0.000815821
3.103624754,-0.000882123,-0.000672249,-0.000826907
3.103160538,-0.000933091,-0.000732863,-0.000848506
3.10269646,-0.000975478,-0.000791255,-0.000875416
3.102232522,-0.001006613,-0.000839292,-0.00090147
3.101767759,-0.001024044,-0.000872133,-0.000921265
3.101304098,-0.001026296,-0.000890044,-0.000931898
3.100840576,-0.001014626,-0.000898274,-0.000933294
3.100377192,-0.000993389,-0.000906021,-0.000928273
3.099913946,-0.000970074,-0.000923069,-0.000921886
3.099450839,-0.00095325,-0.000956754,-0.000919877
3.098987871,-0.000949578,-0.001009325,-0.000927548
3.09852408,-0.000961276,-0.00107652,-0.000948187
3.098061388,-0.000984483,-0.001148753,-0.000982524
3.097598834,-0.001010711,-0.001213657,-0.001028333
3.097136419,-0.001029727,-0.001259769,-0.001080939
3.096674141,-0.001033692,-0.001279594,-0.001134053
3.096212001,-0.001020503,-0.001271551,-0.001180895
3.09575,-0.000994929,-0.001240757,-0.001215937
3.095288136,-0.000966902,-0.001196737,-0.001235804
3.09482641,-0.000948319,-0.001151033,-0.001239924
3.094363864,-0.000948607,-0.001114304,-0.001230309
3.093902413,-0.000971859,-0.001093579,-0.001210782
3.093441101,-0.001015371,-0.001091094,-0.001185656
3.092979925,-0.001071373,-0.001104383,-0.001158711
3.092518888,-0.001129434,-0.001127728,-0.001132771
3.092057987,-0.001180104,-0.00115366,-0.001109634
3.091597224,-0.001217542,-0.001175243,-0.001091239
3.091136599,-0.001240132,-0.00118765,-0.001079995
3.090675155,-0.001250462,-0.00118865,-0.001079444
3.090214804,-0.001252987,-0.001179168,-0.001093344
3.08975459,-0.001252574,-0.001162167,-0.001124427
3.089294513,-0.001252618,-0.001142026,-0.001172459
3.088834573,-0.001254032,-0.001123229,-0.001233252
3.088374771,-0.001255681,-0.001109288,-0.001298675
3.087915105,-0.001255356,-0.001102318,-0.001358021
3.087454622,-0.001250753,-0.00110274,-0.001401034
3.08699523,-0.001241316,-0.001109332,-0.001420766
3.086535975,-0.001228402,-0.001119556,-0.001415499
3.086076856,-0.001215426,-0.001130833,-0.001389306
3.085617873,-0.001207335,-0.001140162,-0.001350594
3.085159028,-0.00120864,-0.00114578,-0.001309064
3.084700318,-0.001222391,-0.001146715,-0.00127304
3.084241745,-0.001249094,-0.001143734,-0.001246965
3.083782358,-0.001286619,-0.001138715,-0.001231044
3.083324058,-0.001331081,-0.001134913,-0.0012226
3.082865894,-0.001378368,-0.001135645,-0.001217894
3.082407866,-0.001425129,-0.001143833,-0.001214112
3.081949974,-0.001470032,-0.001160569,-0.001210842
3.081492219,-0.00151289,-0.001184629,-0.001209684
3.081034599,-0.001553753,-0.001212682,-0.001212935
3.080577115,-0.00159105,-0.001239863,-0.001222013
3.080119767,-0.001621173,-0.001261557,-0.001236243
3.079661607,-0.001638726,-0.001274926,-0.00125285
3.079204531,-0.001637621,-0.001280196,-0.001267837
3.07874759,-0.00161409,-0.001280701,-0.001277442
3.078290785,-0.001568271,-0.001281858,-0.001279906
3.077834116,-0.001505493,-0.001289144,-0.001276228
3.077377582,-0.001434946,-0.001305759,-0.001269869
3.076921183,-0.001367659,-0.00133152,-0.001266071
3.07646492,-0.001313472,-0.001362686,-0.001269907
3.076007846,-0.001278597,-0.001393882,-0.001285202
3.075551854,-0.001264532,-0.001420447,-0.001313225
3.075095997,-0.001268627,-0.001440588,-0.001352655
3.074640275,-0.0012861,-0.001456627,-0.001399726
3.074184688,-0.001312228,-0.001474408,-0.001449358
3.073729236,-0.001343846,-0.001500306,-0.00149613
3.073273919,-0.001380089,-0.001538732,-0.001535579
3.072817792,-0.001422177,-0.00158927,-0.001564967
3.072363689,-0.001471625,-0.001646084,-0.001583855
3.071907833,-0.001530133,-0.001698952,-0.001593653
3.071453055,-0.001597675,-0.001736783,-0.001597395
3.070998412,-0.001673109,-0.001750619,-0.001598227
3.070543904,-0.001753499,-0.001736842,-0.001598597
3.07008953,-0.001834762,-0.001697913,-0.001599335
3.06963529,-0.001911325,-0.001642044,-0.001599615
3.069181185,-0.001976792,-0.001580363,-0.001597738
3.068726273,-0.002024425,-0.001524163,-0.001591638
3.068272437,-0.002048598,-0.001482414,-0.001580291
3.067818735,-0.002045995,-0.001460317,-0.001563941
3.067365167,-0.0020176,-0.001458576,-0.001544401
3.066911733,-0.001968838,-0.001474435,-0.001523992
3.066458434,-0.001909014,-0.001502753,-0.001505145
3.066005268,-0.001849436,-0.00153717,-0.00148968
3.065552236,-0.001800309,-0.001571648,-0.001478755
3.065098399,-0.00176842,-0.001601099,-0.001473056
3.064645635,-0.001755412,-0.00162272,-0.001473462
3.064193005,-0.001757793,-0.001635731,-0.00148096
3.063740509,-0.00176909,-0.001641962,-0.001496418
3.063288146,-0.001781749,-0.0016447,-0.001519569
3.062835917,-0.001789832,-0.001647693,-0.001548485
3.062383821,-0.00179074,-0.001653854,-0.001579105
3.061931859,-0.001785222,-0.001664655,-0.001606293
3.061479092,-0.001776376,-0.001679749,-0.001624743
3.061027397,-0.001768557,-0.001697658,-0.001631371
3.060575835,-0.001765747,-0.001716986,-0.001625813
3.060124406,-0.001770089,-0.00173683,-0.001611208
3.059673111,-0.001782291,-0.001757243,-0.001592544
3.059221948,-0.001800782,-0.001778519,-0.001575306
3.058770919,-0.00182237,-0.001800128,-0.00156336
3.058319087,-0.001842652,-0.001820115,-0.001558211
3.057869258,-0.001856394,-0.001835021,-0.001558862
3.057417693,-0.001858379,-0.001841289,-0.001563271
3.056967195,-0.001844938,-0.001836562,-0.001569643
3.05651683,-0.001814991,-0.001821425,-0.001577307
3.056066598,-0.001771219,-0.001799707,-0.001587149
3.055616498,-0.00172044,-0.001777472,-0.001600785
3.055166531,-0.001672107,-0.00176096,-0.00161939
3.054716696,-0.001636823,-0.001753999,-0.001643163
3.054266061,-0.00162328,-0.001756508,-0.00167115
3.053816492,-0.001635934,-0.001764972,-0.001702
3.053367055,-0.001673767,-0.001773763,-0.001735092
3.05291775,-0.001730712,-0.001778357,-0.001771144
3.052468577,-0.001797144,-0.001777434,-0.001811744
3.052019537,-0.001862628,-0.001773783,-0.001858613
3.051570628,-0.001918477,-0.001773395,-0.001911994
3.051121852,-0.001959455,-0.001782984,-0.001969648
3.050672277,-0.001983907,-0.001807432,-0.002026981
3.050223764,-0.00199367,-0.001847629,-0.00207793
3.049775384,-0.001991925,-0.001900329,-0.002116645
3.049327135,-0.001982309,-0.001959527,-0.002139096
3.048879019,-0.00196791,-0.002018294,-0.002143903
3.048431034,-0.001950993,-0.002070729,-0.00213181
3.04798318,-0.001933731,-0.002112798,-0.002105198
3.047535458,-0.001918534,-0.002142353,-0.002066705
3.047086939,-0.001908517,-0.002158277,-0.002018925
3.04663948,-0.001907351,-0.00216039,-0.001964468
3.046192153,-0.001918145,-0.002149191,-0.001906916
3.045744957,-0.001942859,-0.002126892,-0.001850884
3.045297893,-0.0019811,-0.002097711,-0.00180207
3.044850959,-0.002030284,-0.002068151,-0.001765738
3.044404157,-0.002085717,-0.002045384,-0.001745314
3.043956559,-0.002142252,-0.002035369,-0.001740647
3.043510946,-0.002194865,-0.002040432,-0.001748054
3.04306361,-0.002239993,-0.002058545,-0.001761352
3.042617332,-0.002275863,-0.002083105,-0.001774038
3.042171185,-0.002302386,-0.002106071,-0.001781986
3.041725169,-0.002320578,-0.002120151,-0.001784843
3.041279284,-0.002331771,-0.002122169,-0.001786146
3.040833529,-0.002337337,-0.002113649,-0.001791683
3.040387905,-0.002338339,-0.002100123,-0.001806932
3.039941487,-0.002335803,-0.002088306,-0.00183492
3.039496124,-0.002330731,-0.002083679,-0.001874834
3.039050892,-0.002323894,-0.002088274,-0.001922962
3.03860579,-0.002315925,-0.00210064,-0.00197392
3.038160819,-0.00230674,-0.002117132,-0.002023176
3.037715978,-0.002295252,-0.002133955,-0.002068381
3.037271267,-0.002280207,-0.002149217,-0.002109373
3.036826686,-0.002260817,-0.002163419,-0.00214788
3.036381314,-0.002237912,-0.002178934,-0.002185427
3.035936993,-0.002214447,-0.002198514,-0.00222221
3.035492803,-0.002195449,-0.002223298,-0.002256551
3.035048743,-0.002186878,-0.002252826,-0.002285427
3.034604813,-0.002193523,-0.002284851,-0.002305525
3.034161012,-0.002216818,-0.002316785,-0.002314937
3.033717341,-0.002253881,-0.002346796,-0.002313865
3.0332738,-0.002297903,-0.002374542,-0.002305002
3.032830389,-0.002339247,-0.002400977,-0.002292871
3.032386188,-0.002369112,-0.002427678,-0.002282646
3.031943036,-0.002381795,-0.002455361,-0.00227886
3.031500013,-0.002376899,-0.002483754,-0.002284256
3.031057121,-0.002358834,-0.002511382,-0.002299251
3.030614357,-0.002335806,-0.002536284,-0.002321779
3.030171723,-0.002317081,-0.00255685,-0.002347882
3.029729218,-0.002310523,-0.002572105,-0.002372491
3.029286842,-0.002320889,-0.002582265,-0.002391008
3.028843678,-0.00234981,-0.002587981,-0.00240084
3.028401561,-0.002395731,-0.002590191,-0.002402133
3.027959573,-0.002455242,-0.002590008,-0.002398377
3.027517714,-0.002523404,-0.002588906,-0.002395477
3.027075984,-0.00259448,-0.002588631,-0.002399736
3.026634383,-0.002661571,-0.002591648,-0.002415866
3.02619291,-0.002717524,-0.002599827,-0.00244475
3.025750651,-0.002755612,-0.002614236,-0.002482767
3.025309436,-0.002771703,-0.002633781,-0.002522578
3.02486835,-0.002765691,-0.0026551,-0.002555458
3.024427393,-0.002742246,-0.002672991,-0.002574228
3.023986564,-0.002710088,-0.002682457,-0.002575578
3.023545863,-0.002679412,-0.002680495,-0.002561481
3.023105291,-0.002658773,-0.00266761,-0.002538024
3.022664848,-0.002652133,-0.002648126,-0.002513482
3.022223619,-0.00265781,-0.002629385,-0.002495156
3.021783432,-0.00266943,-0.002619063,-0.002487255
3.021343374,-0.00267874,-0.002622663,-0.002490241
3.020903443,-0.002679126,-0.002642156,-0.002501253
3.020463641,-0.002668387,-0.002675115,-0.002516587
3.020023967,-0.002649195,-0.002716018,-0.0025333
3.019584421,-0.002627904,-0.002758331,-0.002550632
3.019145002,-0.002611682,-0.002796479,-0.002569661
3.018705712,-0.002605584,-0.002827357,-0.00259195
3.018265638,-0.002611083,-0.002850732,-0.002618026
3.017826604,-0.002626431,-0.002868203,-0.00264575
3.017387697,-0.002648025,-0.002882406,-0.002670672
3.016948917,-0.002672612,-0.002895688,-0.002686996
3.016510266,-0.002698813,-0.002909855,-0.002690324
3.016071741,-0.002726415,-0.002926022,-0.002679005
3.015633345,-0.002755741,-0.002944979,-0.002655989
3.015194166,-0.002785418,-0.002967369,-0.002627951
3.014756025,-0.002811664,-0.002993316,-0.002603587
3.014318011,-0.002828634,-0.003021822,-0.002591342
3.013880124,-0.002830549,-0.003050657,-0.002596643
3.013442364,-0.002813965,-0.003076203,-0.002620695
3.013004731,-0.002780207,-0.003094405,-0.002660009
3.012567225,-0.002735291,-0.00310245,-0.002708155
3.012129847,-0.002688688,-0.003099824,-0.002757271
3.011691688,-0.002650424,-0.003089728,-0.002800559
3.011254564,-0.002627823,-0.003078206,-0.002833889
3.010817566,-0.002623874,-0.003072958,-0.002856442
3.010380696,-0.002636647,-0.003080715,-0.002870535
3.009943952,-0.002660996,-0.003104912,-0.002880358
3.009507335,-0.002691156,-0.003144516,-0.002890583
3.009070844,-0.002722941,-0.003193782,-0.002904834
3.00863448,-0.002755324,-0.003244256,-0.002924868
3.008197338,-0.002790156,-0.003287118,-0.002950303
3.007761227,-0.002830699,-0.003316409,-0.002979075
3.007325243,-0.002879358,-0.00333047,-0.00300828
3.006889385,-0.002936592,-0.003332764,-0.003035282
3.006453653,-0.002999549,-0.003330525,-0.003058593
3.006018048,-0.003062938,-0.00333235,-0.003078259
3.005582569,-0.00312045,-0.003345389,-0.003095669
3.005146313,-0.003166518,-0.003373299,-0.003112874
3.004711989,-0.003197912,-0.003414997,-0.003131273
3.004275986,-0.003214904,-0.003465407,-0.003151427
3.003841012,-0.003220684,-0.003517074,-0.00317178
3.003406163,-0.003220582,-0.003562333,-0.00318959
3.00297144,-0.003219995,-0.003595403,-0.003201064
3.002536843,-0.003223168,-0.003613786,-0.003203261
3.002102372,-0.003231466,-0.003618223,-0.003194487
3.001668027,-0.003243261,-0.003612148,-0.003175689
3.001232906,-0.00325501,-0.003600062,-0.003150225
3.000798813,-0.003261976,-0.003586406,-0.003123467
3.000364844,-0.003260405,-0.003574237,-0.003101734
2.999931002,-0.003248967,-0.003565053,-0.003090723
2.999497284,-0.003229144,-0.003558921,-0.003094793
2.999063692,-0.003205086,-0.003555206,-0.003115744
2.998630226,-0.00318181,-0.0035532,-0.003152926
2.998196884,-0.003164172,-0.003552929,-0.003203278
2.99776277,-0.003155338,-0.003555142,-0.003262169
2.997329679,-0.003156211,-0.003561137,-0.003324146
2.996896713,-0.003165996,-0.003572647,-0.003383828
2.996463873,-0.003182991,-0.003591266,-0.003436958
2.996031158,-0.003205435,-0.003618046,-0.003481125
2.995598567,-0.003232457,-0.003653173,-0.003515981
2.995166101,-0.003263545,-0.003696007,-0.003543392
2.994733761,-0.003298828,-0.003744574,-0.003567003
2.994301545,-0.003338058,-0.003795659,-0.003590509
2.993868557,-0.00338061,-0.003845173,-0.003616839
2.993436591,-0.00342554,-0.003887943,-0.003646131
2.993004749,-0.003472115,-0.003919344,-0.003675665
2.992573032,-0.0035203,-0.003935524,-0.003700026
2.99214144,-0.003570354,-0.003935274,-0.003712779
2.991709972,-0.003622681,-0.003920338,-0.003709258
2.991278628,-0.003676703,-0.003895819,-0.003688556
2.990847409,-0.003730199,-0.003869331,-0.003655009
2.99041542,-0.003779496,-0.0038494,-0.003617794
2.989984449,-0.003819185,-0.003843137,-0.003588662
2.989553603,-0.003844546,-0.003854832,-0.003578345
2.989122881,-0.003851785,-0.003884238,-0.003593348
2.988692283,-0.003840096,-0.003927153,-0.003633514
2.988261809,-0.003811664,-0.003976574,-0.00369215
2.987831459,-0.003771411,-0.004025872,-0.00375826
2.98740034,-0.00372591,-0.00407036,-0.003820091
2.986970238,-0.003682439,-0.004109546,-0.003869104
2.98654026,-0.003647155,-0.004147132,-0.003902159
2.986110406,-0.003624974,-0.004189041,-0.003921944
2.985680675,-0.003618232,-0.00424104,-0.003935248
2.985251069,-0.003627297,-0.004305864,-0.003949917
2.984821585,-0.003649973,-0.004380959,-0.003971831
2.984392226,-0.003682841,-0.004458522,-0.004003273
2.983962099,-0.003721867,-0.004527138,-0.004042664
2.983532986,-0.003763542,-0.004575212,-0.004085761
2.983103997,-0.003806047,-0.004594204,-0.004127734
2.982675131,-0.00384941,-0.004581536,-0.004164318
2.982246389,-0.003895039,-0.0045417,-0.004192913
2.98181777,-0.003944463,-0.0044851,-0.004212423
2.981389274,-0.00399775,-0.004425477,-0.004222662
2.980960901,-0.004052437,-0.004376714,-0.004224338
2.980532651,-0.004103465,-0.004349673,-0.0042188
2.980103636,-0.004144584,-0.004350336,-0.004208982
2.979675633,-0.004170773,-0.004378856,-0.004198956
2.979247752,-0.004180093,-0.004430815,-0.004193984
2.978819994,-0.004175315,-0.004498106,-0.004198765
2.978392359,-0.00416298,-0.004571233,-0.004216072
2.977964847,-0.004151354,-0.004640737,-0.004245294
2.977537457,-0.004147162,-0.004698722,-0.004282005
2.977110191,-0.00415325,-0.004739813,-0.004319536
2.97668216,-0.004167772,-0.004761998,-0.004350858
2.976255139,-0.004185279,-0.004766492,-0.004371286
2.97582824,-0.004199736,-0.004757658,-0.004380126
2.975401463,-0.004207093,-0.004741937,-0.004380537
2.974974809,-0.004207273,-0.004726462,-0.004378142
2.974548278,-0.004204605,-0.004717496,-0.004378711
2.974121868,-0.004205243,-0.00471889,-0.004385682
2.973694697,-0.004214624,-0.00473146,-0.00439958
2.973268532,-0.004235361,-0.004753154,-0.004418305
2.972842489,-0.004266083,-0.004779851,-0.004438925
2.972416569,-0.004302416,-0.00480726,-0.004459486
2.97199077,-0.004339471,-0.004831555,-0.004480284
2.971565094,-0.004373738,-0.00485115,-0.004503636
2.971139539,-0.004404974,-0.004866216,-0.004532221
2.970714106,-0.004435386,-0.004878954,-0.004567798
2.970287913,-0.004468702,-0.004892287,-0.004609784
2.969862724,-0.004508315,-0.004909576,-0.004655109
2.969437657,-0.004555401,-0.004933499,-0.004699744
2.969012711,-0.004609019,-0.004965791,-0.004740325
2.968587887,-0.004666452,-0.005006954,-0.004775482
2.968163185,-0.004724497,-0.005055958,-0.004806767
2.967738604,-0.004779832,-0.005110391,-0.004837682
2.967314145,-0.004829931,-0.00516653,-0.004872371
2.966889806,-0.004872117,-0.005220143,-0.00491378
2.96646471,-0.004904243,-0.005267411,-0.004962595
2.966040615,-0.004924089,-0.005306156,-0.005017277
2.965616641,-0.004930496,-0.005336541,-0.005074526
2.965192788,-0.004924647,-0.005361129,-0.005130314
2.964769056,-0.004910395,-0.005384247,-0.005181238
2.964345446,-0.004893999,-0.005410435,-0.005224858
2.963921956,-0.00488264,-0.005442823,-0.005260219
2.963498588,-0.004881992,-0.005481745,-0.005287286
2.963074462,-0.00489464,-0.005524658,-0.005307108
2.962651336,-0.004918582,-0.005566452,-0.005321391
2.96222833,-0.004948593,-0.005601933,-0.00533218
2.961805446,-0.0049782,-0.005627082,-0.00534173
2.961382681,-0.005002248,-0.005641056,-0.005351559
2.960960038,-0.005019012,-0.005646534,-0.005362373
2.960537515,-0.005030614,-0.005648751,-0.005373837
2.960114237,-0.005041706,-0.005653801,-0.005384835
2.959692831,-0.005057089,-0.00566684,-0.005394655
2.959269794,-0.005079781,-0.005689984,-0.005403722
2.958847754,-0.005109024,-0.005722331,-0.005414553
2.958425833,-0.005141547,-0.005759335,-0.00543101
2.958004034,-0.005172196,-0.00579537,-0.005457397
2.957582354,-0.005196607,-0.005824649,-0.00549661
2.957160794,-0.00521295,-0.005843307,-0.005548245
2.956739355,-0.005221945,-0.005850433,-0.005608402
2.956317162,-0.005226552,-0.00584874,-0.005670243
2.955895963,-0.005230716,-0.005843488,-0.005726189
2.955474884,-0.005237728,-0.005841255,-0.005770344
2.955053925,-0.005249312,-0.005848546,-0.005800271
2.954633086,-0.005266013,-0.005869591,-0.005817416
2.954212367,-0.005287711,-0.005905345,-0.005825838
2.953791768,-0.005314863,-0.005952765,-0.005830232
2.953371288,-0.005348925,-0.006005517,-0.005833386
2.952950056,-0.005392186,-0.006055192,-0.005835329
2.952529816,-0.005446843,-0.006093437,-0.005833496
2.952109696,-0.005513672,-0.006113801,-0.005824305
2.951689695,-0.005591129,-0.006113578,-0.005805228
2.951269813,-0.00567398,-0.006094207,-0.005776303
2.950850051,-0.005754502,-0.006060785,-0.005740504
2.950430409,-0.005823599,-0.006021443,-0.00570286
2.950010886,-0.005872734,-0.005985,-0.005668543
2.949590612,-0.005897198,-0.005959491,-0.005641817
2.949171327,-0.005897193,-0.005950687,-0.005625328
2.948752162,-0.005879076,-0.005961395,-0.005620342
2.948333116,-0.005854165,-0.005991138,-0.005627983
2.947914189,-0.005836028,-0.006036497,-0.005649776
2.947495381,-0.005836803,-0.00609236,-0.005687772
2.947076691,-0.005863666,-0.00615296,-0.005743695
2.946657253,-0.005916407,-0.006212892,-0.005817299
2.946238802,-0.005987562,-0.006268961,-0.005905506
2.94582047,-0.006064443,-0.006320273,-0.006001977
2.945402257,-0.006133466,-0.00636816,-0.006098332
2.944984162,-0.006184285,-0.006415839,-0.006186193
2.944566186,-0.006212602,-0.006466382,-0.006259221
2.944148329,-0.006221096,-0.006521822,-0.006314842
2.94373059,-0.006217197,-0.006581671,-0.006354134
2.94331297,-0.006210189,-0.006642563,-0.006381099
2.942894602,-0.006206751,-0.006699143,-0.006400481
2.942477219,-0.006209398,-0.006745657,-0.006416051
2.942059954,-0.006215472,-0.006777697,-0.006429622
2.941642807,-0.00621942,-0.006793849,-0.006441144
2.941225779,-0.006216245,-0.006796232,-0.006449504
2.940808869,-0.006203596,-0.00679013,-0.006454141
2.940392078,-0.006183774,-0.006782523,-0.00645586
2.939975404,-0.006163185,-0.006780298,-0.006456936
2.939557985,-0.006149854,-0.006788921,-0.006460604
2.939141547,-0.006150994,-0.006810901,-0.006469997
2.938725228,-0.006170652,-0.00684588,-0.006487334
2.938309027,-0.006208471,-0.006890749,-0.006513423
2.937892943,-0.006259876,-0.00694064,-0.00654827
2.937476978,-0.006317482,-0.006989738,-0.006591043
2.93706113,-0.006372665,-0.007032572,-0.006641029
2.936644537,-0.006417282,-0.007064593,-0.006697286
2.936228925,-0.006445001,-0.00708369,-0.006758494
2.93581343,-0.006452422,-0.007090238,-0.006822097
2.935398053,-0.006439521,-0.007087789,-0.006884326
2.934982794,-0.006410313,-0.007082174,-0.006940289
2.934567652,-0.006372234,-0.007080046,-0.006985102
2.934152627,-0.006335285,-0.007087577,-0.007015288
2.93373772,-0.006309925,-0.007108029,-0.007030022
2.933322069,-0.006304359,-0.007140767,-0.007031798
2.932907397,-0.006322804,-0.007181261,-0.007025671
2.932492842,-0.006364078,-0.0072223,-0.007018197
2.932078404,-0.006422464,-0.007256191,-0.007015422
2.931664083,-0.006489456,-0.007277049,-0.007021259
2.931249879,-0.006557045,-0.00728282,-0.007036797
2.930835792,-0.006620101,-0.00727568,-0.007060649
2.930421822,-0.006677186,-0.007261456,-0.007089589
2.93000797,-0.006730144,-0.00724757,-0.007120294
2.929593375,-0.006781949,-0.007241079,-0.00715007
2.929179756,-0.006834016,-0.0072467,-0.007177537
2.928766254,-0.006884826,-0.007265614,-0.007202551
2.928352869,-0.00692978,-0.007295769,-0.00722512
2.9279396,-0.006962768,-0.007332808,-0.007245331
2.927526448,-0.006978843,-0.007370995,-0.007262809
2.927113412,-0.006976463,-0.007405198,-0.007277079
2.926700493,-0.00695851,-0.007431738,-0.007288007
2.926286835,-0.006931772,-0.007449503,-0.007296433
2.925874149,-0.006904962,-0.007459725,-0.007303748
2.925461579,-0.006885686,-0.007465669,-0.007312001
2.925049126,-0.006879322,-0.007471648,-0.007322945
2.924636789,-0.0068878,-0.00748116,-0.007337263
2.924224569,-0.006910396,-0.007495946,-0.007354964
2.923812464,-0.006945409,-0.00751485,-0.007375144
2.923399621,-0.006991378,-0.007534175,-0.007397338
2.922988604,-0.007047937,-0.007548846,-0.007421788
2.922575994,-0.00711535,-0.007554433,-0.007450232
2.922164354,-0.007193041,-0.007549196,-0.007485039
2.92175283,-0.007278474,-0.007535142,-0.007528342
2.921341422,-0.007366016,-0.007517795,-0.007580922
2.920930129,-0.007447637,-0.007504756,-0.00764127
2.920518953,-0.00751413,-0.007502592,-0.007705518
2.920107892,-0.007557778,-0.007515123,-0.007768612
2.919696095,-0.007574305,-0.007541542,-0.007825333
2.919285266,-0.007564246,-0.007577256,-0.00787199
2.918874552,-0.007533492,-0.007615726,-0.007907267
2.918463954,-0.007491432,-0.007651007,-0.007931937
2.918053472,-0.007449219,-0.007680137,-0.00794856
2.917643105,-0.007416073,-0.007703664,-0.007959929
2.917232853,-0.007397622,-0.007724668,-0.007968365
2.916822717,-0.007394456,-0.007746917,-0.007974883
2.916411845,-0.007402498,-0.007772129,-0.007979513
2.91600194,-0.007414943,-0.007799092,-0.007981286
2.915592149,-0.007425193,-0.007823633,-0.007979432
2.915182474,-0.007429145,-0.007840467,-0.007973206
2.914772914,-0.007426801,-0.007845844,-0.007962598
2.91436347,-0.007422239,-0.00783913,-0.007948066
2.91395414,-0.007421904,-0.007823838,-0.007930615
2.913544925,-0.007431781,-0.007805977,-0.007911909
2.913134976,-0.007455171,-0.007792226,-0.007894471
2.912725991,-0.007490794,-0.007787017,-0.007881043
2.912317121,-0.007533464,-0.007790856,-0.007874673
2.911908366,-0.007575738,-0.007800386,-0.007877413
2.911499725,-0.007610745,-0.007809175,-0.007889817
2.911091199,-0.007634694,-0.007810943,-0.007909979
2.910682788,-0.007647736,-0.007801319,-0.00793404
2.910273644,-0.007653722,-0.007779888,-0.00795682
2.909866309,-0.007657908,-0.00775045,-0.00797357
2.909457395,-0.007664815,-0.007720272,-0.007981383
2.909049442,-0.007675734,-0.007697977,-0.007980607
2.908641603,-0.007688534,-0.007691598,-0.007974464
2.908233879,-0.007698239,-0.007705989,-0.007968707
2.907826269,-0.007699333,-0.007742284,-0.007969436
2.907418773,-0.007687932,-0.007796894,-0.007981673
2.907011392,-0.007663338,-0.0078623,-0.008007899
2.906603279,-0.007627874,-0.007928834,-0.008047663
2.906196126,-0.007586494,-0.007986374,-0.00809822
2.905789087,-0.007544488,-0.008026581,-0.008155248
2.905382162,-0.007506387,-0.008044977,-0.008214175
2.904975351,-0.007474974,-0.008041527,-0.008271062
2.904568654,-0.007451682,-0.008020976,-0.008322619
2.904162071,-0.007436878,-0.007991141,-0.008366561
2.903755601,-0.007431458,-0.00796116,-0.008401051
2.903348403,-0.007436488,-0.007939291,-0.008425061
2.902942161,-0.007453433,-0.007931158,-0.00843789
2.902536033,-0.007483158,-0.007939117,-0.008439838
2.902130018,-0.007524779,-0.007962231,-0.008432412
2.901724117,-0.007575262,-0.007997206,-0.008418188
2.90131833,-0.007629258,-0.008039063,-0.008401034
2.900912656,-0.007680438,-0.008082289,-0.008385247
2.900507096,-0.007722699,-0.008121726,-0.008374916
2.900100808,-0.007752101,-0.008153023,-0.008372863
2.899695474,-0.007767375,-0.008173133,-0.008380329
2.899290254,-0.007770206,-0.008181196,-0.008396303
2.898885147,-0.007764213,-0.008178458,-0.008418126
2.898480153,-0.0077538,-0.008168555,-0.008441963
2.898075272,-0.007743029,-0.008157022,-0.0084639
2.897670505,-0.007734339,-0.008149731,-0.008480959
2.897265011,-0.00772924,-0.008151838,-0.008491996
2.896861309,-0.007727725,-0.008165466,-0.008498028
2.896456041,-0.007729596,-0.008189662,-0.008501434
2.896051726,-0.007734641,-0.008219967,-0.008505058
2.895647523,-0.007743378,-0.008250025,-0.008510721
2.895243434,-0.007756242,-0.008273501,-0.008517828
2.894839457,-0.007773791,-0.008285918,-0.008523451
2.894435592,-0.007795326,-0.00828568,-0.008522821
2.894031841,-0.007819193,-0.008274008,-0.008511185
2.893627364,-0.007842478,-0.008254112,-0.008486124
2.893223838,-0.007861968,-0.008229564,-0.008448639
2.892820425,-0.007875079,-0.008203101,-0.00840377
2.892417124,-0.007881134,-0.008176595,-0.008359273
2.892013935,-0.007881747,-0.008151058,-0.008323578
2.891610859,-0.007880707,-0.008127442,-0.008303269
2.891207895,-0.00788275,-0.008107488,-0.008301216
2.890805043,-0.007891939,-0.008093624,-0.008316075
2.890401468,-0.007910822,-0.008088635,-0.008342974
2.889998841,-0.007938591,-0.008094563,-0.008375524
2.889596326,-0.007972153,-0.008111984,-0.008407648
2.889193924,-0.008006132,-0.008139944,-0.008435224
2.888791633,-0.008035183,-0.00817612,-0.00845646
2.888389454,-0.008054902,-0.008217964,-0.008471492
2.887987388,-0.008062728,-0.008263514,-0.008481714
2.887585433,-0.008058001,-0.008311654,-0.008488665
2.88718359,-0.008041586,-0.008361829,-0.008493611
2.886781026,-0.008014976,-0.008413376,-0.008497262
2.886379406,-0.007979568,-0.008463912,-0.008500174
2.885977899,-0.007936812,-0.008509828,-0.008502791
2.885576504,-0.007888305,-0.008545708,-0.008505809
2.88517522,-0.007836674,-0.008566286,-0.008510002
2.884774047,-0.007785554,-0.008567705,-0.008516048
2.884372986,-0.007739732,-0.008549272,-0.008524721
2.883972037,-0.007703972,-0.008514068,-0.008536483
2.883570368,-0.007682072,-0.008468681,-0.008551567
2.883169641,-0.007675635,-0.008421665,-0.008569622
2.882769026,-0.007683814,-0.008381987,-0.008589321
2.882368523,-0.007703082,-0.008357045,-0.008608296
2.881968131,-0.007728367,-0.008350993,-0.008622881
2.88156785,-0.007754475,-0.008364542,-0.008629456
2.88116768,-0.007776732,-0.008394996,-0.008625216
2.880766791,-0.00779288,-0.008437014,-0.008610002
2.880366844,-0.007803096,-0.008483755,-0.00858669
2.879967007,-0.007810333,-0.008528439,-0.008561048
2.879567282,-0.00781951,-0.008565318,-0.008540156
2.879167667,-0.007836354,-0.008590813,-0.008530093
2.878768164,-0.007865921,-0.008603657,-0.008533755
2.878368771,-0.007910797,-0.008604906,-0.008549721
2.877969489,-0.007970201,-0.008597649,-0.008572919
2.87756949,-0.008039077,-0.008585791,-0.008596556
2.877170429,-0.008109059,-0.008573463,-0.008615209
2.87677148,-0.008170381,-0.008563748,-0.008627097
2.876372641,-0.00821437,-0.008558837,-0.008634893
2.875973913,-0.00823676,-0.008559635,-0.008644376
2.875575295,-0.008238408,-0.008566091,-0.00866196
2.875176787,-0.008226011,-0.008577641,-0.008691758
2.874778391,-0.008210055,-0.008593096,-0.008733241
2.874380104,-0.008201278,-0.008610969,-0.008781479
2.873981102,-0.008207334,-0.008628978,-0.008828114
2.873583036,-0.008230331,-0.008644362,-0.00886472
2.873185081,-0.008265871,-0.008653865,-0.008885609
2.872787236,-0.008304622,-0.008654666,-0.008889263
2.872389501,-0.008335965,-0.00864546,-0.008879077
2.871991876,-0.00835144,-0.008626876,-0.008861598
2.871594361,-0.008347635,-0.008602309,-0.008844628
2.871196132,-0.008327048,-0.008576938,-0.008834756
2.870798837,-0.008296808,-0.008556394,-0.008835968
2.870401652,-0.008265033,-0.008545525,-0.008849089
2.870004578,-0.008238063,-0.008546555,-0.00887207
2.869607613,-0.008218003,-0.008558982,-0.008901229
2.869210758,-0.00820279,-0.00857986,-0.008931961
2.868814012,-0.008187469,-0.008604833,-0.008959743
2.868417377,-0.00816714,-0.008629898,-0.008981377
2.868020028,-0.008140058,-0.008652508,-0.008995264
2.867623612,-0.008108522,-0.008672375,-0.009001974
2.867227305,-0.008079141,-0.008690973,-0.009004338
2.866831108,-0.00806017,-0.008710794,-0.009006659
2.86643502,-0.008059339,-0.008734289,-0.009013393
2.866039042,-0.00808003,-0.008762513,-0.009027731
2.865643174,-0.008120495,-0.00879532,-0.009050163
2.865247414,-0.008173612,-0.008831173,-0.009078146
2.864850943,-0.008228884,-0.00886775,-0.009106776
2.864455403,-0.008275037,-0.008902474,-0.009130171
2.864059971,-0.008303331,-0.008933192,-0.009143565
2.863664649,-0.008309071,-0.008957975,-0.009144757
2.863269436,-0.008292914,-0.00897539,-0.009135149
2.862874332,-0.008260329,-0.008984838,-0.009119235
2.862479336,-0.008219869,-0.008986741,-0.009103649
2.862083631,-0.008181454,-0.008982759,-0.009095208
2.861689673,-0.008153995,-0.008976031,-0.009099498
2.861294186,-0.008144086,-0.008970698,-0.009119526
2.860899627,-0.008154761,-0.008971132,-0.00915539
2.860505177,-0.008185486,-0.008980411,-0.009204263
2.860110835,-0.008232446,-0.008999374,-0.009261052
2.859716602,-0.008289851,-0.009026144,-0.009319273
2.859322478,-0.008351507,-0.009056444,-0.00937252
2.858928462,-0.008411542,-0.009085189,-0.009415772
2.858533738,-0.008466231,-0.009108408,-0.009446524
2.85813994,-0.008513648,-0.009124553,-0.009465862
2.85774625,-0.008553938,-0.009135704,-0.009478269
2.857352668,-0.008587975,-0.00914688,-0.00949047
2.856959195,-0.008616524,-0.009164308,-0.009509489
2.856565831,-0.008639587,-0.009193456,-0.00954016
2.856172575,-0.008656244,-0.009237083,-0.00958356
2.855779426,-0.008665103,-0.009294034,-0.009636328
2.855385571,-0.008665718,-0.009359322,-0.009691314
2.85499264,-0.008659105,-0.00942562,-0.009740219
2.854599817,-0.008648796,-0.009485238,-0.009776132
2.854207101,-0.008640285,-0.009531938,-0.009796
2.853814494,-0.008639074,-0.009562456,-0.00980148
2.853421995,-0.008649777,-0.009576964,-0.009798248
2.853029604,-0.008673412,-0.009578203,-0.009793947
2.85263732,-0.00870754,-0.009571096,-0.009795667
2.852245145,-0.008746121,-0.009561097,-0.0098081
2.851852264,-0.008781417,-0.009553706,-0.009832642
2.851460304,-0.008805952,-0.009554107,-0.009867801
2.851068452,-0.008815071,-0.009566433,-0.009910249
2.850676708,-0.008807701,-0.009593688,-0.009956137
2.850285071,-0.008787239,-0.009636935,-0.010002109
2.849893542,-0.008760628,-0.009694855,-0.010046034
2.849502121,-0.008737075,-0.009763411,-0.01008692
2.849110807,-0.008725882,-0.009836508,-0.010125317
2.848718789,-0.008734868,-0.009906861,-0.010162936
2.84832769,-0.008768972,-0.009967796,-0.010202121
2.847936698,-0.008829799,-0.010014816,-0.010245531
2.847545814,-0.008914999,-0.010046256,-0.010295385
2.847155037,-0.009019061,-0.010063919,-0.010352459
2.846764368,-0.009133684,-0.010072169,-0.010415429
2.846373805,-0.009248804,-0.010077007,-0.010480821
2.84598254,-0.009354211,-0.010084646,-0.010543473
2.845592192,-0.009441793,-0.01010064,-0.010597879
2.845201951,-0.009506389,-0.01012893,-0.010639682
2.844811817,-0.009547559,-0.010171605,-0.010667288
2.84442179,-0.009569029,-0.010228693,-0.010682333
2.84403187,-0.00957753,-0.010298557,-0.010689504
2.843642057,-0.00958017,-0.010377401,-0.010695287
2.843252351,-0.009583121,-0.010459855,-0.010706479
2.842861943,-0.00958958,-0.01053901,-0.010728348
2.842472451,-0.009599744,-0.010607798,-0.010763347
2.842083065,-0.009612349,-0.010660006,-0.010810918
2.841693786,-0.009626229,-0.010692092,-0.010867758
2.841304613,-0.009642179,-0.010704019,-0.010928754
2.840915548,-0.009663284,-0.010700064,-0.010988158
2.840526588,-0.009694632,-0.010687864,-0.011041138
2.840137735,-0.009740628,-0.010676648,-0.01108434
2.839748989,-0.009803408,-0.010674925,-0.011117183
2.839359543,-0.009880894,-0.010688183,-0.011141733
2.838971009,-0.009966855,-0.010717663,-0.011162223
2.838582582,-0.010052295,-0.010760233,-0.011184215
2.838194261,-0.010128476,-0.010810014,-0.011212906
2.837806047,-0.010189175,-0.010860597,-0.01125227
2.837417938,-0.010232817,-0.010907597,-0.011303679
2.837029936,-0.010261878,-0.010949944,-0.011365857
2.83664204,-0.010281909,-0.010990284,-0.011435968
2.836253445,-0.010298982,-0.011032951,-0.011510393
2.835865761,-0.010317624,-0.011082657,-0.011586125
2.835478184,-0.01034006,-0.011141543,-0.011661396
2.835090712,-0.010366326,-0.011208611,-0.011735505
2.834703345,-0.010395498,-0.011279971,-0.011808458
2.834316085,-0.010427187,-0.011349848,-0.011880038
2.833928931,-0.010461861,-0.011412971,-0.011949677
2.833541079,-0.01050069,-0.011466452,-0.012016051
2.833154136,-0.010544378,-0.011510039,-0.012077868
2.832767299,-0.010592421,-0.011546372,-0.012134347
2.832380568,-0.010641881,-0.011578898,-0.01218538
2.831993942,-0.010688825,-0.011610866,-0.012231551
2.831607421,-0.010728849,-0.011644048,-0.012273734
2.831221007,-0.010759444,-0.011678539,-0.012312289
2.830834697,-0.010780655,-0.011713402,-0.01234714
2.830447692,-0.010795753,-0.011747686,-0.01237815
2.830061593,-0.010809975,-0.011781212,-0.012405389
2.8296756,-0.010828744,-0.011814609,-0.012429966
2.829289712,-0.010856497,-0.011848882,-0.012453897
2.82890393,-0.010895227,-0.01188452,-0.012479537
2.828518252,-0.010944611,-0.01192068,-0.012508458
2.82813268,-0.011002491,-0.011955441,-0.012540126
2.827747213,-0.011066438,-0.011986111,-0.012571979
2.827361851,-0.011134387,-0.012010995,-0.012599913
2.826975795,-0.011205273,-0.012030567,-0.012619997
2.826590643,-0.011278517,-0.012047983,-0.01263092
2.826205596,-0.011353076,-0.012068449,-0.012634768
2.825820654,-0.011427189,-0.012097673,-0.012637407
2.825435816,-0.011498207,-0.012139904,-0.012646511
2.825051084,-0.01156305,-0.012195744,-0.012669269
2.824666456,-0.011619508,-0.012261431,-0.012709734
2.824281933,-0.011667565,-0.012329282,-0.012767342
2.823896718,-0.011709053,-0.012389898,-0.012837678
2.823512404,-0.011747427,-0.012434407,-0.012913806
2.823128195,-0.011786288,-0.012457627,-0.012989446
2.822744091,-0.011827659,-0.012459284,-0.013061063
2.822360091,-0.011870798,-0.012444851,-0.013128669
2.821976196,-0.01191229,-0.01242421,-0.013194931
2.821592405,-0.011946879,-0.012409121,-0.013263324
2.821207923,-0.011969639,-0.012410197,-0.013335438
2.820824341,-0.011978053,-0.012434242,-0.01340955
2.820440863,-0.011973604,-0.012482469,-0.013480624
2.82005749,-0.011961475,-0.012550605,-0.013542187
2.81967422,-0.011948932,-0.012630327,-0.013588997
2.819291055,-0.011942968,-0.012711944,-0.013619254
2.818907995,-0.011947833,-0.012786736,-0.013636027
2.818525038,-0.01196316,-0.01284945,-0.013645894
2.818141391,-0.011984884,-0.012898652,-0.013657034
2.817758642,-0.012006677,-0.012936344,-0.013676043
2.817375997,-0.012022977,-0.01296638,-0.013705928
2.816993457,-0.012031008,-0.01299296,-0.013745624
2.81661102,-0.012032608,-0.013019818,-0.013790461
2.816228687,-0.012033122,-0.013049544,-0.013834384
2.815846458,-0.012040261,-0.013083731,-0.013871949
2.815464332,-0.012061106,-0.013123618,-0.013900103
2.81508231,-0.012099393,-0.013169648,-0.013918526
2.8146996,-0.012154609,-0.013221486,-0.013929122
2.814317785,-0.012222416,-0.01327722,-0.01393433
2.813936075,-0.012296846,-0.013332931,-0.013935792
2.813554467,-0.012372744,-0.013382929,-0.013933811
2.813172964,-0.012447428,-0.013420559,-0.013927412
2.812791563,-0.012521035,-0.013440382,-0.013916013
2.812410267,-0.012595097,-0.013439899,-0.013900152
2.812029073,-0.01267023,-0.013420923,-0.013882573
2.811647192,-0.012744665,-0.013390186,-0.01386725
2.811266206,-0.012812984,-0.013357482,-0.013858633
2.810885322,-0.012867689,-0.013333306,-0.013859257
2.810504542,-0.012901365,-0.013326271,-0.013868767
2.810123865,-0.012909245,-0.013340347,-0.013883717
2.809743291,-0.012891326,-0.013374308,-0.013898442
2.80936282,-0.012852414,-0.013422556,-0.013907477
2.808981663,-0.012800523,-0.013477573,-0.013907872
2.808601398,-0.012744725,-0.013532248,-0.013900538
2.808221236,-0.012692107,-0.013582298,-0.013890479
2.807841177,-0.012647057,-0.013626882,-0.01388517
2.807461221,-0.012611312,-0.013667708,-0.013892114
2.807081368,-0.012586537,-0.013707448,-0.013916368
2.806701618,-0.012575416,-0.013747675,-0.013959068
2.80632197,-0.012582821,-0.013787786,-0.014017189
2.805942425,-0.012614981,-0.013824846,-0.014084838
2.805562195,-0.012676937,-0.013854316,-0.014154778
2.805182856,-0.012769051,-0.013871692,-0.014220245
2.804803619,-0.012884883,-0.013873616,-0.014275571
2.804424484,-0.013010568,-0.013859294,-0.014316455
2.804045452,-0.013126321,-0.01383047,-0.014339785
2.803666523,-0.013211768,-0.013791224,-0.014343644
2.803287696,-0.013252109,-0.013746697,-0.014327303
2.802908971,-0.013242872,-0.013701588,-0.014292388
2.802529563,-0.013191124,-0.013658974,-0.014242838
2.802151043,-0.013112634,-0.013619563,-0.014185018
2.801772626,-0.013025752,-0.013582251,-0.014126247
2.80139431,-0.0129463,-0.013544873,-0.014073475
2.801016097,-0.012884108,-0.013505368,-0.014031948
2.800637985,-0.012843098,-0.0134628,-0.01400432
2.800259976,-0.012822149,-0.013417601,-0.013991079
2.799881285,-0.012818406,-0.013372169,-0.013991268
2.79950348,-0.012828052,-0.013329984,-0.014003513
2.799125777,-0.012848445,-0.013295079,-0.014027034
2.798748176,-0.012877508,-0.01327091,-0.014061477
2.798370677,-0.012913095,-0.013259402,-0.014106381
2.797993279,-0.012952527,-0.013260627,-0.014159742
2.797615984,-0.012991995,-0.013272854,-0.014217316
2.79723879,-0.013027538,-0.013293542,-0.014272249
2.796860915,-0.013055475,-0.013320126,-0.014316256
2.796483925,-0.013073671,-0.013351057,-0.01434173
2.796107036,-0.013081895,-0.013385854,-0.014344035
2.795730249,-0.013081612,-0.013425043,-0.014323165
2.795353563,-0.013075733,-0.013468986,-0.014283922
2.794976979,-0.013067311,-0.013517532,-0.01423492
2.794600496,-0.013059367,-0.013569135,-0.014186396
2.794224115,-0.013054129,-0.013621689,-0.014147589
2.793847835,-0.013053246,-0.013672888,-0.014124831
2.793470876,-0.013057295,-0.013721176,-0.014120229
2.793094799,-0.013066101,-0.013766112,-0.014132153
2.792718823,-0.013078386,-0.013807873,-0.014155967
2.792342949,-0.013091997,-0.013846388,-0.01418581
2.791967175,-0.013104516,-0.013880141,-0.014216121
2.791591503,-0.01311419,-0.013905961,-0.014243119
2.791215932,-0.01312096,-0.013919389,-0.014265558
2.790840462,-0.013126743,-0.013916136,-0.014285018
2.790464314,-0.013135816,-0.013894123,-0.014305203
2.790089046,-0.01315283,-0.013854963,-0.014331064
2.789713879,-0.013181423,-0.013804562,-0.01436701
2.789338812,-0.013222527,-0.013752593,-0.014415395
2.788963847,-0.013272515,-0.013710267,-0.014475143
2.788588982,-0.013324302,-0.013688061,-0.01454127
2.788214218,-0.013368153,-0.013692485,-0.014605801
2.787838778,-0.01339564,-0.01372436,-0.014659709
2.787464216,-0.013402299,-0.013778236,-0.014695762
2.787089754,-0.013390547,-0.013844293,-0.014711121
2.786715393,-0.013368339,-0.013911134,-0.014708128
2.786341133,-0.013346556,-0.013969393,-0.014693286
2.785966973,-0.013334476,-0.01401369,-0.014674528
2.785592913,-0.013336671,-0.014042777,-0.014658734
2.785218954,-0.013352085,-0.014058402,-0.014649948
2.78484432,-0.01337514,-0.014063721,-0.014649408
2.784470562,-0.013398539,-0.014062122,-0.014656534
2.784096904,-0.013415644,-0.014056337,-0.014670305
2.783723347,-0.013423449,-0.014048869,-0.014690084
2.78334989,-0.013422805,-0.014041518,-0.014715861
2.782976533,-0.013418263,-0.014036171,-0.014747704
2.782603276,-0.013416066,-0.014034328,-0.01478525
2.782230119,-0.013421965,-0.014037248,-0.014826838
2.781857062,-0.013439063,-0.014045665,-0.014870133
2.781483332,-0.013467175,-0.014059433,-0.014912901
2.781110475,-0.013503074,-0.014077854,-0.01495378
2.780737719,-0.01354253,-0.014099603,-0.014992656
2.780365062,-0.013581751,-0.014123115,-0.015030244
2.779992505,-0.013619087,-0.01414657,-0.015066782
2.779620048,-0.013655039,-0.014168277,-0.01510118
2.779247691,-0.013692016,-0.014186718,-0.015130776
2.778875434,-0.013733468,-0.014201337,-0.015152035
2.778502504,-0.013782314,-0.014212669,-0.015162286
2.778130446,-0.013840397,-0.014222902,-0.015161472
2.777758488,-0.01390812,-0.014235341,-0.015152848
2.777386629,-0.013984261,-0.014254169,-0.015142743
2.77701487,-0.014066105,-0.014282904,-0.015138671
2.776643211,-0.014150488,-0.014323339,-0.015146548
2.77627165,-0.014233957,-0.014374643,-0.015169138
2.775899419,-0.014313578,-0.014433259,-0.015205255
2.775528828,-0.014386646,-0.014494263,-0.015251355
2.775156796,-0.014451177,-0.01455256,-0.015303552
2.774785634,-0.01450565,-0.014604682,-0.015359724
2.774414571,-0.014548938,-0.014649439,-0.01542056
2.774043607,-0.014580611,-0.014688486,-0.015488738
2.773672742,-0.014600986,-0.014725087,-0.01556724
2.773301977,-0.014611782,-0.014763138,-0.015657407
2.77293131,-0.014615862,-0.014805614,-0.015757541
2.772559974,-0.01461768,-0.01485355,-0.015862792
2.772189506,-0.014623109,-0.014905847,-0.015966219
2.771819137,-0.01463856,-0.014959913,-0.016060986
2.771448866,-0.014670264,-0.015012744,-0.016142165
2.771078695,-0.014722758,-0.015062704,-0.016208256
2.770708623,-0.014797457,-0.015109857,-0.016260681
2.770338649,-0.01489217,-0.015156391,-0.016302792
2.769968774,-0.015001276,-0.015205208,-0.016337769
2.769598231,-0.015117255,-0.015258798,-0.016367484
2.769228554,-0.015231549,-0.015318229,-0.016392362
2.768858975,-0.015336157,-0.015382632,-0.016412193
2.768489496,-0.015424734,-0.015449969,-0.016427164
2.768120114,-0.015493389,-0.015517583,-0.016439101
2.767750832,-0.015541986,-0.015583488,-0.016451829
2.767381647,-0.015574056,-0.015647033,-0.016470568
2.767012562,-0.015596456,-0.015709086,-0.016500742
2.766642809,-0.015617495,-0.015771292,-0.016546905
2.76627392,-0.015644938,-0.015834884,-0.016611315
2.76590513,-0.01568455,-0.015900191,-0.016693606
2.765536438,-0.015739819,-0.01596616,-0.016790689
2.765167844,-0.015811801,-0.016031269,-0.01689661
2.764799349,-0.015899603,-0.016094558,-0.017003272
2.764430952,-0.016000891,-0.016156801,-0.017101257
2.764061888,-0.016111744,-0.016221147,-0.01718197
2.763694451,-0.016226671,-0.016292388,-0.017239996
2.763325585,-0.016338313,-0.016375382,-0.017275599
2.76295758,-0.016438529,-0.016472468,-0.017295856
2.762589674,-0.0165196,-0.016581701,-0.017313157
2.762221865,-0.016576787,-0.016696807,-0.017341575
2.761854154,-0.016609865,-0.016809272,-0.017392357
2.761486541,-0.016623683,-0.016911457,-0.017470457
2.761119026,-0.01662733,-0.01699957,-0.017573503
2.760750847,-0.016632194,-0.017074771,-0.017693139
2.760383528,-0.016649038,-0.017142585,-0.017817969
2.760016306,-0.016685927,-0.017210934,-0.017936724
2.759649182,-0.016746872,-0.017287513,-0.018040863
2.759282156,-0.01683141,-0.017377362,-0.018126613
2.758915228,-0.016935624,-0.017481119,-0.01819524
2.758548397,-0.017054689,-0.017595445,-0.018252549
2.758181663,-0.017184689,-0.0177143,-0.018307117
2.757814267,-0.017324481,-0.017831293,-0.018368225
2.757447728,-0.017475618,-0.017941574,-0.018444064
2.757081288,-0.017640546,-0.018043056,-0.018540447
2.756714944,-0.01781919,-0.018136429,-0.0186593
2.756348698,-0.01800639,-0.018224464,-0.018797479
2.755982549,-0.018190497,-0.018311089,-0.018946003
2.755616498,-0.01835607,-0.01839966,-0.019091582
2.755250543,-0.018490573,-0.01849222,-0.019220657
2.754883927,-0.018589949,-0.018588592,-0.019324732
2.754518167,-0.018660107,-0.018687399,-0.019403204
2.754152505,-0.018712289,-0.01878662,-0.01946262
2.753786939,-0.01875741,-0.018884361,-0.019513156
2.75342147,-0.018802335,-0.018978931,-0.019565355
2.753056099,-0.018848682,-0.019068912,-0.019627703
2.752690824,-0.018895178,-0.019153465,-0.019705163
2.752324889,-0.018939693,-0.019232916,-0.019798748
2.751960566,-0.018982945,-0.019308888,-0.01990548
2.751594824,-0.019029486,-0.019384545,-0.020019543
2.751229937,-0.019087382,-0.019463584,-0.020133819
2.750865147,-0.019165369,-0.019549039,-0.020241686
2.750500454,-0.01926969,-0.01964224,-0.020338235
2.750135857,-0.019401333,-0.019742294,-0.02042071
2.749771357,-0.019555981,-0.019846271,-0.020488556
2.749406953,-0.019725278,-0.019950553,-0.020543034
2.74904189,-0.019899459,-0.020051833,-0.020587342
2.74867768,-0.020070445,-0.02014869,-0.020626313
2.748313566,-0.02023335,-0.020241832,-0.020666038
2.747949549,-0.020386348,-0.020333805,-0.020712694
2.747585628,-0.020529455,-0.020427877,-0.020771482
2.747221803,-0.020661862,-0.020526509,-0.020845134
2.746858075,-0.020781219,-0.020630112,-0.020933507
2.746494443,-0.020883518,-0.020736464,-0.021033655
2.746130153,-0.020965272,-0.020841133,-0.021141068
2.745766714,-0.021025661,-0.020938907,-0.021251199
2.745403371,-0.021068806,-0.021025289,-0.021360997
2.745040124,-0.021103297,-0.021098535,-0.021469574
2.744676973,-0.021140625,-0.02116046,-0.021578032
2.744313919,-0.021191854,-0.021216286,-0.02168818
2.74395096,-0.02126488,-0.021273533,-0.02180107
2.743588097,-0.021362895,-0.021339774,-0.021915902
2.743225331,-0.02148395,-0.021420333,-0.022029586
2.742861908,-0.021622403,-0.021516227,-0.022137647
2.742499333,-0.021770605,-0.021622825,-0.022235139
2.742136854,-0.021920747,-0.0217301,-0.022318442
2.741774471,-0.022065835,-0.021824988,-0.022386199
2.741412184,-0.02220083,-0.021895518,-0.022439831
2.741049992,-0.022322119,-0.021935578,-0.022482409
2.740687896,-0.022427299,-0.021948837,-0.022517231
2.740325145,-0.022514991,-0.021948523,-0.022546188
2.739963241,-0.022584742,-0.021953851,-0.022569274
2.739601432,-0.022637943,-0.021982892,-0.022585339
2.739239719,-0.022677748,-0.022046271,-0.022593943
2.738878101,-0.022709311,-0.022143997,-0.022596746
2.738516578,-0.022738818,-0.022266787,-0.022598174
2.738155152,-0.022772288,-0.02240135,-0.022604401
2.73779382,-0.022814457,-0.022535686,-0.022621603
2.737431835,-0.022868657,-0.022662337,-0.022654481
2.737070694,-0.022937066,-0.022778974,-0.022705199
2.736709649,-0.023020659,-0.022886913,-0.022773094
2.736348698,-0.023119558,-0.022989095,-0.022854915
2.735987843,-0.023232933,-0.023088424,-0.022945741
2.735627084,-0.023358733,-0.023187117,-0.023040504
2.735266419,-0.023493836,-0.023287232,-0.02313622
2.734905849,-0.023634667,-0.023391801,-0.023233841
2.734544627,-0.02377829,-0.023505261,-0.023338551
2.734184248,-0.023922453,-0.023632994,-0.02345782
2.733823964,-0.024065691,-0.023778658,-0.023597969
2.733463774,-0.024206013,-0.023942049,-0.023760843
2.73310368,-0.024340039,-0.024116974,-0.023941591
2.73274368,-0.024462422,-0.0242914,-0.024128419
2.732383775,-0.024567101,-0.024449337,-0.024304476
2.732023219,-0.02464837,-0.024574409,-0.024451531
2.73166425,-0.024703277,-0.02465409,-0.024554647
2.731303884,-0.024733097,-0.024683319,-0.024606594
2.730944358,-0.02474357,-0.024666016,-0.024610174
2.730584927,-0.024743578,-0.024613417,-0.024577562
2.73022559,-0.02474262,-0.024540898,-0.024526522
2.729866348,-0.024748601,-0.024463746,-0.024475448
2.729507201,-0.024766073,-0.024394163,-0.024438281
2.729148148,-0.024796013,-0.024339996,-0.024421627
2.728788445,-0.024837345,-0.024305046,-0.024424511
2.728429581,-0.024888579,-0.024290227,-0.02444051
2.728070812,-0.024949641,-0.02429464,-0.02446133
2.727712137,-0.025021712,-0.024316375,-0.024480298
2.727353556,-0.025107042,-0.024352172,-0.024494507
2.72699507,-0.025206631,-0.024397128,-0.024505374
2.726636677,-0.025318956,-0.024444924,-0.024517377
2.726278379,-0.025438126,-0.024488425,-0.024536013
2.725919432,-0.025554074,-0.024521082,-0.024565362
2.725561323,-0.025653582,-0.02453903,-0.024606353
2.725203307,-0.025723547,-0.024542741,-0.02465606
2.724845385,-0.025755323,-0.024537581,-0.024708237
2.724487558,-0.025748567,-0.024532476,-0.024756128
2.724129824,-0.025712842,-0.024536844,-0.024795601
2.723772185,-0.025664772,-0.024557905,-0.024827385
2.723414639,-0.025623446,-0.02459978,-0.024857695
2.723056446,-0.025606642,-0.02466496,-0.024896235
2.722699088,-0.02562954,-0.024755964,-0.024954033
2.722341824,-0.025704224,-0.024876104,-0.025040563
2.721984653,-0.025837798,-0.025027474,-0.025160035
2.721627577,-0.026026957,-0.02520585,-0.025306696
2.721270594,-0.026249246,-0.025394118,-0.02545948
2.720913705,-0.0264573,-0.02555791,-0.025581012
2.720556169,-0.02658478,-0.025650189,-0.025624933
2.720200207,-0.026566448,-0.025626109,-0.025551619
2.719842858,-0.026361653,-0.0254587,-0.025341872
2.719486343,-0.025963658,-0.025144331,-0.02499992
2.719129922,-0.025394135,-0.024697758,-0.024546474
2.718773594,-0.02469174,-0.024144434,-0.024010101
2.718417359,-0.023905094,-0.02351612,-0.023422238
2.718061218,-0.023087952,-0.022849788,-0.022815368
2.71770517,-0.022294814,-0.022185364,-0.022221077
2.717348477,-0.021571658,-0.02156026,-0.021666201
2.716992615,-0.020947156,-0.021001447,-0.021168086
2.716636847,-0.02042646,-0.020519461,-0.020731533
2.716281172,-0.01999477,-0.020108381,-0.020350499
2.71592559,-0.019627087,-0.01975183,-0.020013212
2.715570101,-0.019299864,-0.019431892,-0.019708882
2.715214706,-0.018998658,-0.019136074,-0.019431768
2.714859403,-0.018719994,-0.018860232,-0.019181911
2.714503456,-0.018466499,-0.018606969,-0.018962185
2.71414834,-0.018241211,-0.018380544,-0.018774124
2.713793316,-0.018041707,-0.018182108,-0.018614348
2.713438385,-0.017859971,-0.018007315,-0.018473929
2.713083547,-0.017684258,-0.017846849,-0.018340182
2.712728802,-0.017504843,-0.017689525,-0.018200019
2.712374149,-0.01731691,-0.017525605,-0.018043184
2.712019589,-0.017122091,-0.017349909,-0.017864909
2.711665122,-0.016927035,-0.017162985,-0.017667179
2.711310013,-0.016738573,-0.016970271,-0.017458229
2.710955731,-0.016559192,-0.016779135,-0.017249646
2.710601542,-0.01638545,-0.016595069,-0.017052656
2.710247446,-0.016210447,-0.016419725,-0.016874376
2.709893442,-0.016028539,-0.01625094,-0.016716531
2.70953953,-0.015838747,-0.016084545,-0.016575921
2.709185711,-0.015645362,-0.015916687,-0.016446602
2.708831984,-0.015454978,-0.015745249,-0.016321426
2.708477616,-0.015273206,-0.015570101,-0.016194471
2.708124074,-0.015102194,-0.015393164,-0.016062223
2.707770625,-0.014940308,-0.015217732,-0.01592458
2.707417267,-0.01478387,-0.015047982,-0.015784398
2.707064002,-0.014629583,-0.014887489,-0.015645705
2.706710829,-0.01447557,-0.014738118,-0.015510807
2.706357749,-0.014319975,-0.014598267,-0.015377758
2.706004028,-0.014158458,-0.0144612,-0.015238939
2.705651131,-0.013981832,-0.01431521,-0.015081401
2.705298327,-0.013776611,-0.014144993,-0.014890627
2.704945614,-0.013527478,-0.013935393,-0.014655084
2.704592994,-0.013223195,-0.013675603,-0.014370606
2.704240465,-0.012861502,-0.013361897,-0.01404183
2.703888029,-0.012450747,-0.012998454,-0.013680232
2.703535684,-0.012007918,-0.012595526,-0.013300126
2.7031827,-0.011553857,-0.012166485,-0.012913355
2.702830539,-0.011107074,-0.011725048,-0.012526485
2.70247847,-0.010678502,-0.011283212,-0.012139769
2.702126492,-0.010269888,-0.010850202,-0.011749102
2.701774607,-0.009875817,-0.0104326,-0.011349601
2.701422812,-0.009488296,-0.010034359,-0.01093955
2.70107111,-0.009103367,-0.009657789,-0.010522114
2.700719499,-0.008723851,-0.009303282,-0.010105033
2.700367979,-0.008358436,-0.008969962,-0.009697813
2.700015822,-0.008017695,-0.008655712,-0.009308818
2.699664486,-0.007708553,-0.008357895,-0.008943758
2.699313241,-0.007431343,-0.008074652,-0.008605889
2.698962087,-0.007179877,-0.00780507,-0.008296846
2.698611025,-0.006944345,-0.007549992,-0.008018065
2.698260054,-0.006715594,-0.007310951,-0.007770832
2.697909174,-0.00648834,-0.007088692,-0.00755513
2.697558386,-0.006262891,-0.006881375,-0.007368159
2.697206961,-0.006044015,-0.006684026,-0.007203346
2.696856355,-0.005838372,-0.006488367,-0.007050646
2.696505841,-0.005651285,-0.006285965,-0.006898775
2.696155417,-0.005484615,-0.00607066,-0.006738244
2.695805085,-0.005335847,-0.005841388,-0.006564006
2.695454843,-0.005199305,-0.00560292,-0.006376326
2.695104693,-0.005067516,-0.005363933,-0.006179219
2.694753907,-0.004933394,-0.005133405,-0.00597789
2.694403939,-0.004790628,-0.004916461,-0.005775433
2.694054061,-0.004635578,-0.004711941,-0.005571773
2.693704274,-0.004466342,-0.004513562,-0.005364991
2.693354579,-0.004284331,-0.004314194,-0.00515332
2.693004973,-0.004093361,-0.004109526,-0.004938123
2.692655459,-0.003899331,-0.003901269,-0.004723401
2.692306036,-0.003708943,-0.003696141,-0.004514369
2.691955978,-0.003528329,-0.003502408,-0.004314691
2.691606736,-0.003362101,-0.003327068,-0.004124704
2.691257584,-0.003212766,-0.003173319,-0.003941505
2.690908523,-0.003080801,-0.003039999,-0.003760354
2.690559553,-0.002964887,-0.002922472,-0.003577749
2.690210673,-0.002862709,-0.002814799,-0.003393686
2.689861884,-0.002771543,-0.002712071,-0.003212552
2.689513185,-0.002688565,-0.002611551,-0.003041844
2.689164576,-0.002611394,-0.002512585,-0.002888999
2.688815335,-0.002537868,-0.002415754,-0.00275785
2.688466907,-0.002466243,-0.002321375,-0.002647105
2.68811857,-0.002395757,-0.00222884,-0.002550392
2.687770323,-0.002326855,-0.002137084,-0.002458783
2.687422166,-0.002261134,-0.002045468,-0.002364466
2.687074099,-0.002200746,-0.001955296,-0.002263029
2.686726122,-0.002146896,-0.001869225,-0.002154923
2.686378236,-0.002097991,-0.001790921,-0.002044284
2.686029718,-0.002049126,-0.001722994,-0.001936981
2.685682011,-0.001992244,-0.001665583,-0.001838331
2.685334395,-0.001918457,-0.001615578,-0.00175151
2.684986869,-0.001821129,-0.001567822,-0.001677393
2.684639433,-0.00169858,-0.001516705,-0.001615009
2.684292086,-0.001555534,-0.001457814,-0.001562352
2.68394483,-0.001403112,-0.001389541,-0.001516
2.683596943,-0.00125598,-0.001313276,-0.001471778
2.683249866,-0.001128593,-0.001233269,-0.001425236
2.682902879,-0.00103037,-0.001154961,-0.001372631
2.682555982,-0.000963781,-0.001083729,-0.001312748
2.682209175,-0.0009241,-0.001024012,-0.001247944
2.681862457,-0.000902168,-0.000978298,-0.001183524
2.681515829,-0.000887268,-0.000947458,-0.001126229
2.68116929,-0.000870221,-0.000930263,-0.001081938
2.680822841,-0.000845135,-0.00092376,-0.001052918
2.680475763,-0.000810427,-0.000922765,-0.001036987
2.680129493,-0.000768998,-0.000920868,-0.001027558
2.679783313,-0.000728213,-0.000911705,-0.001016605
2.679437222,-0.000697339,-0.000891205,-0.000998229
2.67909122,-0.000684906,-0.000859043,-0.000972084
2.678745308,-0.000694557,-0.000818973,-0.000943531
2.678399485,-0.000723107,-0.000776769,-0.000920595
2.678053751,-0.000760631,-0.000738024,-0.000909099
2.67770739,-0.000792053,-0.00070577,-0.000908555
2.677361835,-0.000802057,-0.00068057,-0.00091106
2.677016369,-0.000779528,-0.000661069,-0.000903411
2.676670992,-0.000723143,-0.00064606,-0.000873103
2.676325705,-0.000642625,-0.00063639,-0.000814167
2.675980506,-0.000555868,-0.000634628,-0.00073082
2.675635397,-0.000481212,-0.000643693,-0.000635242
2.67528966,-0.000431013,-0.000664687,-0.000542119
2.674944729,-0.00040771,-0.000694935,-0.000462982
2.674599887,-0.000406008,-0.000728127,-0.000403708
2.674255133,-0.000416499,-0.000755573,-0.000365093
2.673910468,-0.000430771,-0.000769067,-0.000345631
2.673565893,-0.000445092,-0.000763377,-0.000344193
2.673221406,-0.000461718,-0.000738441,-0.000362061
2.672877007,-0.000487687,-0.000698882,-0.000402586
2.672531984,-0.000530881,-0.000651894,-0.000469032
2.672187763,-0.000596555,-0.000604809,-0.000561493
2.671843631,-0.000683416,-0.000563134,-0.000673908
2.671499588,-0.000781042,-0.000529083,-0.000791585
2.671155633,-0.000869507,-0.000501426,-0.000892272
2.670811767,-0.00092488,-0.000476626,-0.000953305
2.670467989,-0.000929751,-0.000450288,-0.000962802
2.6701243,-0.000882842,-0.000419635,-0.000927708
2.669780699,-0.000798614,-0.000383874,-0.000870557
2.669436474,-0.000698004,-0.000343282,-0.000816097
2.66909305,-0.000598071,-0.000298008,-0.000780596
2.668749715,-0.000508879,-0.000248319,-0.000768115
2.668406468,-0.000435602,-0.000195248,-0.000772759
2.668063309,-0.000381335,-0.000141827,-0.000782972
2.667720238,-0.00034964,-9.34521E-05,-0.000786024
2.667377256,-0.000343478,-5.72079E-05,-0.000771811
2.667034362,-0.000362676,-3.82591E-05,-0.000736799
2.666690845,-0.000400403,-3.69559E-05,-0.000684227
2.666348127,-0.000442555,-4.60657E-05,-0.000622265
2.666005497,-0.000471183,-5.32596E-05,-0.000558933
2.665662956,-0.000469696,-4.55886E-05,-0.000499327
2.665320502,-0.000430274,-1.55066E-05,-0.000444586
2.664978137,-0.000356192,3.59534E-05,-0.000393553
2.664635859,-0.000262026,9.91735E-05,-0.000345081
2.664292959,-0.000167713,0.00015951,-0.000299122
2.663950858,-9.22383E-05,0.00020305,-0.000256669
2.663608844,-4.75318E-05,0.000220267,-0.000218926
2.663266918,-3.67913E-05,0.000208083,-0.000185963
2.662925079,-5.61099E-05,0.000168445,-0.000157409
2.662583329,-9.67859E-05,0.000107275,-0.000132553
2.662241666,-0.000147543,3.24419E-05,-0.000111697
2.661900091,-0.000197462,-4.69607E-05,-9.61904E-05
2.661557895,-0.000235892,-0.000121521,-8.81072E-05
2.661216495,-0.000255371,-0.00018286,-8.92089E-05
2.660875183,-0.000251776,-0.000224541,-9.91987E-05
2.660533959,-0.000224857,-0.000242978,-0.000115132
2.660192821,-0.000179002,-0.000238558,-0.000131619
2.659851772,-0.000122898,-0.000215016,-0.000142615
2.65951081,-6.76334E-05,-0.000179302,-0.000143475
2.659169935,-2.50132E-05,-0.000140197,-0.000132661
2.658829147,-3.24945E-06,-0.000105377,-0.000112449
2.658487741,-4.69143E-06,-8.00675E-05,-8.76563E-05
2.658147128,-2.5373E-05,-6.54318E-05,-6.33534E-05
2.657806603,-5.6056E-05,-5.95941E-05,-4.27004E-05
2.657466164,-8.61884E-05,-5.95125E-05,-2.60255E-05
2.657125814,-0.000106366,-6.24618E-05,-1.06171E-05
2.65678555,-0.000111039,-6.75474E-05,7.84563E-06
2.656445373,-9.97288E-05,-7.5678E-05,3.33719E-05
2.656105284,-7.66081E-05,-8.8314E-05,6.77213E-05
2.655764576,-4.86826E-05,-0.000105824,0.000109162
2.655424661,-2.25634E-05,-0.000125592,0.000152045
2.655084833,-1.82158E-06,-0.000142095,0.00018883
2.654745091,1.35225E-05,-0.000148356,0.000212228
2.654405437,2.67349E-05,-0.000137774,0.000217331
2.65406587,4.22864E-05,-0.000106773,0.000202768
2.653726389,6.44259E-05,-5.56124E-05,0.000171412
2.653386291,9.58369E-05,1.10498E-05,0.000130103
2.653047689,0.00013746,8.49618E-05,8.81474E-05
2.652707765,0.000187898,0.00015672,5.51268E-05
2.652368631,0.000243915,0.000218324,3.77667E-05
2.652029585,0.000300564,0.000265216,3.80838E-05
2.651690625,0.000351656,0.000296567,5.3103E-05
2.651351752,0.000390586,0.000314126,7.65728E-05
2.651012965,0.000411544,0.000320226,0.000102045
2.650674265,0.000410463,0.000316515,0.000124776
2.650334949,0.000386156,0.000303809,0.000143266
2.649996423,0.000340535,0.000282227,0.00015875
2.649657982,0.000278443,0.000252316,0.000173475
2.649319628,0.000206561,0.000215645,0.000189184
2.648981361,0.000131613,0.000174802,0.000205188
2.64864318,5.87383E-05,0.000133369,0.000218197
2.648305085,-8.70063E-06,9.52549E-05,0.000223572
2.647967076,-6.92092E-05,6.41711E-05,0.000216853
2.647628453,-0.000121765,4.34715E-05,0.0001963
2.647290617,-0.000165187,3.56461E-05,0.000163721
2.646952868,-0.000197349,4.23523E-05,0.000124972
2.646615204,-0.00021561,6.40633E-05,8.7946E-05
2.646277627,-0.000218525,9.94368E-05,6.08449E-05
2.645940136,-0.000206386,0.0001452,4.95424E-05
2.64560273,-0.000182366,0.000196152,5.60572E-05
2.645265411,-0.000151087,0.000246364,7.81601E-05
2.644927479,-0.0001174,0.000290758,0.000110397
2.644590332,-8.45513E-05,0.000325886,0.000146411
2.644253271,-5.35517E-05,0.0003508,0.000180289
2.643916296,-2.35849E-05,0.000366043,0.000207964
2.643579407,6.88512E-06,0.000373326,0.000227302
2.643242603,3.87938E-05,0.000374424,0.000238273
2.642905886,7.21389E-05,0.000370609,0.000243008
2.642568555,0.0001062,0.000362692,0.000245253
2.642232708,0.000140496,0.000351463,0.000249917
2.641895549,0.0001753,0.00033699,0.000261373
2.641559175,0.000211433,0.000319721,0.000282063
2.641222886,0.000249923,0.00029984,0.000311075
2.640886683,0.000290252,0.000277579,0.000343829
2.640550565,0.000329754,0.0002531,0.00037339
2.640214533,0.000363507,0.000226615,0.000392338
2.639878587,0.000385301,0.000198829,0.00039528
2.639542029,0.00038983,0.000170859,0.000380849
2.639206253,0.000374214,0.000144274,0.000352339
2.638870563,0.000339475,0.000121138,0.000316189
2.638534959,0.000290012,0.000103193,0.000280175
2.638199439,0.000232837,9.20077E-05,0.000250315
2.637864005,0.000175865,8.83828E-05,0.000229781
2.637528657,0.000126403,9.26779E-05,0.0002182
2.637193393,8.98737E-05,0.000104377,0.000213122
2.63685752,6.90251E-05,0.000122703,0.000211364
2.636522427,6.36674E-05,0.000146558,0.00021084
2.636187419,7.10853E-05,0.000174408,0.000210908
2.635852497,8.62791E-05,0.000204139,0.000212284
2.635517659,0.000103086,0.000233504,0.000215437
2.635182907,0.000115558,0.000259653,0.000219794
2.634848239,0.000119139,0.000279406,0.000223016
2.634513657,0.000112096,0.000289492,0.000221644
2.634178466,9.61568E-05,0.000287595,0.000212295
2.633844053,7.6378E-05,0.000272216,0.000192881
2.633509726,5.77909E-05,0.000243442,0.000163642
2.633175483,4.41367E-05,0.000202592,0.000126868
2.632841325,3.54067E-05,0.000151853,8.61226E-05
2.632507253,2.85584E-05,9.46006E-05,4.5454E-05
2.632173264,1.92128E-05,3.56602E-05,9.47423E-06
2.631838668,4.28401E-06,-1.81027E-05,-1.66341E-05
2.631505542,-1.53794E-05,-5.8175E-05,-2.71153E-05
2.631171116,-3.40121E-05,-7.56465E-05,-1.62452E-05
2.630837467,-4.17431E-05,-6.50901E-05,1.89772E-05
2.630503902,-2.90721E-05,-2.76251E-05,7.62758E-05
2.630170422,7.45237E-06,2.75019E-05,0.000146616
2.629837026,6.25672E-05,8.58114E-05,0.000216296
2.629503715,0.000124344,0.000133525,0.000271962
2.629170489,0.00017976,0.000162413,0.00030419
2.628836656,0.000219584,0.000171322,0.000309918
2.628503598,0.000241074,0.000164294,0.000291844
2.628170625,0.000248031,0.000148737,0.000256858
2.627837736,0.000249115,0.000132492,0.000214461
2.627504932,0.000255228,0.000122216,0.000174985
2.627172212,0.000275307,0.000121689,0.000147173
2.626839576,0.000312934,0.000131394,0.000135927
2.626507024,0.000363591,0.000148978,0.000141068
2.626173867,0.000416671,0.000171706,0.000157892
2.625841484,0.000460233,0.00019794,0.000179708
2.625509185,0.000484903,0.000227949,0.000200893
2.62517697,0.000486492,0.000262985,0.000217869
2.624844839,0.00046459,0.000303451,0.000229261
2.624512792,0.000421481,0.000347569,0.000234697
2.624180829,0.000360443,0.000391547,0.000233918
2.62384895,0.000284847,0.00043008,0.000226142
2.623517155,0.000198415,0.000458099,0.000210186
2.623184756,0.000104784,0.000472768,0.000184671
2.622853129,7.66E-06,0.000473891,0.000148379
2.622521586,-8.84658E-05,0.000463947,0.000100877
2.622190127,-0.00017844,0.000446167,4.28411E-05
2.621858751,-0.00025605,0.000423551,-2.28296E-05
2.621527459,-0.000313937,0.000397941,-9.05527E-05
2.621196251,-0.000345607,0.000369849,-0.000151062
2.62086444,-0.000347556,0.000339149,-0.000193131
2.620533399,-0.00032274,0.000306373,-0.000206827
2.620202442,-0.000280941,0.000272737,-0.000187961
2.619871569,-0.000236474,0.000240158,-0.000140429
2.619540779,-0.000203248,0.000210036,-7.55456E-05
2.619210072,-0.000190303,0.000182697,-7.44266E-06
2.61887945,-0.000200138,0.000157245,5.105E-05
2.61854891,-0.000229083,0.000131884,9.1033E-05
2.618217769,-0.000267961,0.00010487,0.000109303
2.617887396,-0.000304196,7.45995E-05,0.000108873
2.617557107,-0.000324522,4.05762E-05,9.8179E-05
2.617226902,-0.000318952,3.80773E-06,8.84605E-05
2.616896779,-0.00028588,-3.36383E-05,8.93717E-05
2.61656674,-0.000232892,-6.81836E-05,0.000104509
2.616236784,-0.000173136,-9.63616E-05,0.000129873
2.615906911,-0.000119037,-0.000114936,0.000156432
2.615576438,-7.7186E-05,-0.000121378,0.000174701
2.615246732,-4.71994E-05,-0.000113436,0.00017907
2.614917108,-2.41422E-05,-9.05076E-05,0.000168791
2.614587568,-1.67046E-06,-5.34459E-05,0.000147911
2.614258111,2.43022E-05,-5.72681E-06,0.000123134
2.613928738,5.45411E-05,4.62937E-05,0.000101807
2.613599447,8.53978E-05,9.44641E-05,8.92808E-05
2.613269556,0.000111244,0.000131045,8.76174E-05
2.612941113,0.000126966,0.000151262,9.50884E-05
2.612611389,0.000130962,0.000154858,0.000107585
2.61228243,0.000125538,0.000145922,0.00012118
2.611953553,0.000115624,0.000130775,0.000133238
2.61162476,0.000106592,0.000115776,0.000143409
2.611296049,0.000101301,0.00010509,0.000153051
2.610967421,9.94112E-05,0.00010047,0.000163998
2.610638876,9.7709E-05,0.000101311,0.000177265
2.610309732,9.17352E-05,0.000105786,0.000192447
2.609981352,7.84374E-05,0.000111785,0.000207151
2.609653054,5.69659E-05,0.000117839,0.000217723
2.60932484,3.01764E-05,0.000122963,0.000220004
2.608996708,2.50597E-06,0.000126539,0.000210828
2.608668658,-2.06214E-05,0.000127522,0.000188069
2.608340691,-3.53917E-05,0.000124993,0.000151786
2.608012806,-3.93924E-05,0.000118803,0.000103488
2.607684324,-3.19475E-05,0.000110416,4.63081E-05
2.607356605,-1.31841E-05,0.000103093,-1.58986E-05
2.607028967,1.59673E-05,0.000101289,-7.84784E-05
2.606701412,5.39255E-05,0.000109154,-0.000136744
2.60637394,9.78287E-05,0.000127978,-0.000186136
2.606046549,0.00014301,0.000154569,-0.000222389
2.605719241,0.000183616,0.000180744,-0.000241896
2.605392015,0.000213632,0.000196087,-0.00024249
2.605064193,0.000228916,0.000191743,-0.000223779
2.604737131,0.000228569,0.000164198,-0.000187435
2.604410152,0.000214082,0.000116686,-0.000137751
2.604083255,0.00018879,5.74585E-05,-8.08745E-05
2.603756439,0.00015649,-3.25639E-06,-2.45924E-05
2.603429706,0.000120831,-5.69484E-05,2.26651E-05
2.603103055,8.57132E-05,-9.85188E-05,5.33851E-05
2.602775808,5.5782E-05,-0.000127001,6.26705E-05
2.602449998,3.70777E-05,-0.000144834,5.01379E-05
2.602122916,3.5689E-05,-0.000155668,2.04266E-05
2.601796593,5.63159E-05,-0.000162471,-1.72675E-05
2.601470351,9.95676E-05,-0.000166346,-5.19349E-05
2.601144191,0.000160134,-0.000166391,-7.37224E-05
2.600818113,0.000227458,-0.000160709,-7.68906E-05
2.600492117,0.00028783,-0.000147905,-6.1169E-05
2.600166203,0.000328546,-0.000128377,-3.12402E-05
2.599839694,0.000341559,-0.000104341,5.52655E-06
